code,organizer_code,parameter_id,parameter_name,pd_section,criticality
M-001,PZ-001,1,Площадь застройки,Раздел 1. ПЗ,Критическое (приостановка работ)
M-002,PZ-002,2,Общая площадь здания,Раздел 1. ПЗ,Критическое (приостановка работ)
M-003,PZ-003,3,Полезная / Расчетная площадь,Раздел 1. ПЗ,Существенное (предписание)
M-004,PZ-004,4,Строительный объем (Общий),Раздел 1. ПЗ,Критическое (приостановка работ)
M-005,PZ-005,5,Строительный объем (Подземный),Раздел 1. ПЗ,Критическое (приостановка работ)
M-006,PZ-006,6,Строительный объем (Надземный),Раздел 1. ПЗ,Критическое (приостановка работ)
M-007,PZ-007,7,Этажность (надземная),Раздел 1. ПЗ,Критическое (приостановка работ)
M-008,PZ-008,8,Высота здания,Раздел 1. ПЗ,Критическое (приостановка работ)
M-009,PZ-009,9,Абсолютная отметка 0.000,Раздел 1. ПЗ,Критическое (приостановка работ)
M-010,PZ-010,10,Количество квартир,Раздел 1. ПЗ,Критическое (приостановка работ)
M-011,PZ-011,11,Квартирография,Раздел 1. ПЗ,Критическое (приостановка работ)
M-012,PZ-012,12,Количество машино-мест (подземных),Раздел 1. ПЗ,Критическое (приостановка работ)
M-013,PZ-013,13,Технологическая мощность / Вместимость,Раздел 1. ПЗ,Критическое (приостановка работ)
M-014,PZ-014,14,Расчетная электрическая мощность,Раздел 1. ПЗ,Критическое (приостановка работ)
M-015,PZ-015,15,Категория надежности электроснабжения,Раздел 1. ПЗ,Критическое (приостановка работ)
M-016,PZ-016,16,Суточный расход водопотребления,Раздел 1. ПЗ,Критическое (приостановка работ)
M-017,PZ-017,17,Суммарная тепловая нагрузка,Раздел 1. ПЗ,Критическое (приостановка работ)
M-018,PZ-018,18,Максимальный часовой расход газа,Раздел 1. ПЗ,Критическое (приостановка работ)
M-019,PZ-019,19,Коэффициент застройки (КЗ),Раздел 1. ПЗ,Критическое (приостановка работ)
M-020,PZ-020,20,Коэффициент использования территории (КИТ),Раздел 1. ПЗ,Критическое (приостановка работ)
M-021,PZ-021,21,Класс энергетической эффективности,Раздел 1. ПЗ,Критическое (приостановка работ)
M-022,PZ-022,22,Степень огнестойкости здания,Раздел 1. ПЗ,Критическое (приостановка работ)
M-023,PZ-023,23,Класс конструктивной пожарной опасности,Раздел 1. ПЗ,Критическое (приостановка работ)
M-024,SPZU-024,24,Объем грунта (выемка/насыпь),Раздел 2. СПЗУ,Существенное (предписание)
M-025,SPZU-025,25,Площадь асфальтобетонного покрытия,Раздел 2. СПЗУ,Существенное (предписание)
M-026,SPZU-026,26,Площадь тротуарного плиточного покрытия,Раздел 2. СПЗУ,Существенное (предписание)
M-027,SPZU-027,27,Площадь озеленения и газонов,Раздел 2. СПЗУ,Критическое (приостановка работ)
M-028,SPZU-028,28,Площадь детских и спортивных площадок,Раздел 2. СПЗУ,Критическое (приостановка работ)
M-029,SPZU-029,29,Спецификация МАФ,Раздел 2. СПЗУ,Существенное (предписание)
M-030,SPZU-030,30,Ширина внутриплощадочных дорог и проездов,Раздел 2. СПЗУ,Критическое (приостановка работ)
M-031,SPZU-031,31,Радиусы поворота дорог и пожарных проездов,Раздел 2. СПЗУ,Критическое (приостановка работ)
M-032,SPZU-032,32,Конструкция дорожной одежды,Раздел 2. СПЗУ,Критическое (приостановка работ)
M-033,SPZU-033,33,Уклоны дорог и проездов,Раздел 2. СПЗУ,Существенное (предписание)
M-034,SPZU-034,34,Точки и координаты подключения внешних сетей,Раздел 2. СПЗУ,Критическое (приостановка работ)
M-035,SPZU-035,35,Охранные зоны существующих коммуникаций,Раздел 2. СПЗУ,Критическое (приостановка работ)
M-036,SPZU-036,36,Тип и высотные параметры ограждения территории,Раздел 2. СПЗУ,Существенное (предписание)
M-037,SPZU-037,37,Количество и разметка парковочных мест на участке,Раздел 2. СПЗУ,Критическое (приостановка работ)
M-038,SPZU-038,38,Количество парковочных мест для МГН на участке,Раздел 2. СПЗУ,Критическое (приостановка работ)
M-039,SPZU-039,39,Мероприятия по инженерной подготовке (дренажи),Раздел 2. СПЗУ,Критическое (приостановка работ)
M-040,AR-040,40,Ширина магистральных эвакуационных коридоров,Раздел 3. АР,Критическое (приостановка работ)
M-041,AR-041,41,Ширина эвакуационных выходов (дверей),Раздел 3. АР,Критическое (приостановка работ)
M-042,AR-042,42,Высота путей эвакуации и проемов,Раздел 3. АР,Критическое (приостановка работ)
M-043,AR-043,43,Направление открывания эвакуационных дверей,Раздел 3. АР,Критическое (приостановка работ)
M-044,AR-044,44,Послойный состав пирога кровли,Раздел 3. АР,Критическое (приостановка работ)
M-045,AR-045,45,Уклоны кровли и система водостока,Раздел 3. АР,Критическое (приостановка работ)
M-046,AR-046,46,Общее количество и габариты оконных блоков,Раздел 3. АР,Критическое (приостановка работ)
M-047,AR-047,47,Габариты и глубина тамбуров входных групп,Раздел 3. АР,Критическое (приостановка работ)
M-048,AR-048,48,Количество и параметры лестничных маршей и ступеней,Раздел 3. АР,Критическое (приостановка работ)
M-049,AR-049,49,"Высота и тип ограждений лестниц, балкона, кровли",Раздел 3. АР,Критическое (приостановка работ)
M-050,AR-050,50,Спецификация и типы внутренней отделки помещений,Раздел 3. АР,Критическое (приостановка работ)
M-051,AR-051,51,Параметры естественного освещения (КЕО),Раздел 3. АР,Существенное (предписание)
M-052,AR-052,52,Цветовое решение и материалы облицовки фасадов,Раздел 3. АР,Существенное (предписание)
M-053,AR-053,53,Конструктивные мероприятия по защите от шума,Раздел 3. АР,Существенное (предписание)
M-054,KR-054,54,Шаг и привязка координационных осей несущего каркаса,Раздел 4. КР,Критическое (приостановка работ)
M-055,KR-055,55,Класс прочности бетона монолитных конструкций,Раздел 4. КР,Критическое (приостановка работ)
M-056,KR-056,56,Марка стали и класс прочности металлопроката,Раздел 4. КР,Критическое (приостановка работ)
M-057,KR-057,57,Марка и класс прочности рабочей арматуры,Раздел 4. КР,Критическое (приостановка работ)
M-058,KR-058,58,Толщина монолитной фундаментной плиты / ростверка,Раздел 4. КР,Критическое (приостановка работ)
M-059,KR-059,59,Толщина монолитных плит перекрытий и покрытия,Раздел 4. КР,Критическое (приостановка работ)
M-060,KR-060,60,Геометрические сечения несущих колонн и пилонов,Раздел 4. КР,Критическое (приостановка работ)
M-061,KR-061,61,Толщина несущих монолитных стен (ядра жесткости),Раздел 4. КР,Критическое (приостановка работ)
M-062,KR-062,62,Диаметр продольной (рабочей) арматуры в колоннах/пилонах,Раздел 4. КР,Критическое (приостановка работ)
M-063,KR-063,63,Наличие и конструктивное исполнение деформационных швов,Раздел 4. КР,Критическое (приостановка работ)
M-064,KR-064,64,Привязки и габариты лифтовых шахт,Раздел 4. КР,Критическое (приостановка работ)
M-065,KR-065,65,Схемы расположения и площади технологических проемов,Раздел 4. КР,Критическое (приостановка работ)
M-066,KR-066,66,Антикоррозионная и огнезащитная обработка конструкций,Раздел 4. КР,Критическое (приостановка работ)
M-067,KR-067,67,"Ведомости расхода материалов (бетон, сталь)",Раздел 4. КР,Существенное (предписание)
M-068,IOS1-068,68,Номинальная аппаратная защита ВРУ/ГРЩ,Раздел 5. ИОС1,Критическое (приостановка работ)
M-069,IOS1-069,69,Сечение жил и маркировка распределительных кабелей,Раздел 5. ИОС1,Критическое (приостановка работ)
M-070,IOS1-070,70,Параметры и контуры заземления и молниезащиты,Раздел 5. ИОС1,Критическое (приостановка работ)
M-071,IOS2-071,71,Диаметры стояков и разводящих трубопроводов В1/Т3,Раздел 5. ИОС2,Критическое (приостановка работ)
M-072,IOS2-072,72,Материал и класс давления напорных труб В1/Т3,Раздел 5. ИОС2,Существенное (предписание)
M-073,IOS2-073,73,Характеристики насосных станций хоз-питьевого водоснабжения,Раздел 5. ИОС2,Критическое (приостановка работ)
M-074,IOS3-074,74,Диаметры выпусков и магистралей К1/К2,Раздел 5. ИОС3,Критическое (приостановка работ)
M-075,IOS3-075,75,Материал и тип канализационных труб и фасонных частей,Раздел 5. ИОС3,Существенное (предписание)
M-076,IOS4-076,76,"Диаметры магистралей и стояков отопления (Т1, Т2)",Раздел 5. ИОС4,Критическое (приостановка работ)
M-077,IOS4-077,77,Технические параметры отопительных приборов (радиаторов),Раздел 5. ИОС4,Критическое (приостановка работ)
M-078,IOS4-078,78,Сечения и геометрия воздуховодов общеобменной вентиляции,Раздел 5. ИОС4,Критическое (приостановка работ)
M-079,IOS4-079,79,Характеристики вентиляторов общеобменной вентиляции,Раздел 5. ИОС4,Критическое (приостановка работ)
M-080,IOS5-080,80,Состав и емкость систем пожарной сигнализации (АПС),Раздел 5. ИОС5,Критическое (приостановка работ)
M-081,POS-081,81,Границы опасных зон работы грузоподъемных кранов,Раздел 6. ПОС,Критическое (приостановка работ)
M-082,POS-082,82,Продолжительность этапов строительства (Календарный график),Раздел 6. ПОС,Существенное (предписание)
M-083,POS-083,83,Посадка и габариты временных зданий и сооружений,Раздел 6. ПОС,Критическое (приостановка работ)
M-084,POS-084,84,Схемы движения и ширина временных автодорог,Раздел 6. ПОС,Существенное (предписание)
M-085,POS-085,85,Места размещения площадок складирования материалов,Раздел 6. ПОС,Критическое (приостановка работ)
M-086,POS-086,86,Потребность в кадрах (Максимальная численность),Раздел 6. ПОС,Существенное (предписание)
M-087,POS-087,87,Технологическая последовательность возведения,Раздел 6. ПОС,Критическое (приостановка работ)
M-088,POS-088,88,Точки подключения и мощности временных ресурсов,Раздел 6. ПОС,Существенное (предписание)
M-089,POS-089,89,Расположение пунктов мойки колес и выездов,Раздел 6. ПОС,Существенное (предписание)
M-090,POD-090,90,Границы опасных зон развала и обрушения конструкций,Раздел 7. ПОД,Критическое (приостановка работ)
M-091,POD-091,91,Методы и технологическая последовательность демонтажа,Раздел 7. ПОД,Критическое (приостановка работ)
M-092,POD-092,92,Мероприятия по защите действующих коммуникаций,Раздел 7. ПОД,Критическое (приостановка работ)
M-093,POD-093,93,Общие объемы демонтируемых конструкций (по типам),Раздел 7. ПОД,Существенное (предписание)
M-094,POD-094,94,Масса и класс опасности образующихся отходов,Раздел 7. ПОД,Существенное (предписание)
M-095,POD-095,95,Мероприятия по пылеподавлению и снижению шума,Раздел 7. ПОД,Существенное (предписание)
M-096,POD-096,96,Узлы временного расчленения сохраняемых конструкций,Раздел 7. ПОД,Критическое (приостановка работ)
M-097,POD-097,97,Места и габариты площадок временного складирования лома,Раздел 7. ПОД,Критическое (приостановка работ)
M-098,OOS-098,98,"Регистрация лимитов в АИС ""ОСИГ""",Раздел 8. ООС,Критическое (приостановка работ)
M-099,OOS-099,99,Верфикация транспортных средств (ГЛОНАСС),Раздел 8. ООС,Критическое (приостановка работ)
M-100,OOS-100,100,Фиксация рейсов через мобильный КПТС,Раздел 8. ООС,Критическое (приостановка работ)
M-101,OOS-101,101,Сверка легитимности полной утилизации,Раздел 8. ООС,Критическое (приостановка работ)
M-102,PPM-102,102,Деление здания на пожарные отсеки,Раздел 9. ППМ,Критическое (приостановка работ)
M-103,PPM-103,103,Пределы огнестойкости противопожарных дверей и ворот (EI),Раздел 9. ППМ,Критическое (приостановка работ)
M-104,PPM-104,104,Ширина и высота эвакуационных проходов,Раздел 9. ППМ,Критическое (приостановка работ)
M-105,PPM-105,105,Ширина эвакуационных дверей наружных выходов,Раздел 9. ППМ,Критическое (приостановка работ)
M-106,PPM-106,106,Направление открывания дверей на путях эвакуации,Раздел 9. ППМ,Критическое (приостановка работ)
M-107,PPM-107,107,Класс пожарной опасности отделочных материалов,Раздел 9. ППМ,Критическое (приостановка работ)
M-108,PPM-108,108,Количество и расстановка извещателей АПС,Раздел 9. ППМ,Критическое (приостановка работ)
M-109,PPM-109,109,Пожарная маркировка кабелей систем ПЗ (СПЗ),Раздел 9. ППМ,Критическое (приостановка работ)
M-110,PPM-110,110,Количество и расстановка оповещателей СОУЭ,Раздел 9. ППМ,Критическое (приостановка работ)
M-111,PPM-111,111,Расположение и пределы огнестойкости клапанов (ОЗК),Раздел 9. ППМ,Критическое (приостановка работ)
M-112,PPM-112,112,Производительность вентиляторов ДУ и подпора воздуха,Раздел 9. ППМ,Критическое (приостановка работ)
M-113,PPM-113,113,Расход воды и количество струй внутреннего пожаротушения (ВПВ),Раздел 9. ППМ,Критическое (приостановка работ)
M-114,PPM-114,114,Расход воды на наружное пожаротушение (НПВ),Раздел 9. ППМ,Критическое (приостановка работ)
M-115,ODI-115,115,Технические параметры и наличие инвалидных подъемников,Раздел 10. ОДИ,Критическое (приостановка работ)
M-116,ODI-116,116,Ширина коридоров на путях движения МГН,Раздел 10. ОДИ,Критическое (приостановка работ)
M-117,ODI-117,117,Ширина дверных проемов на путях движения МГН,Раздел 10. ОДИ,Критическое (приостановка работ)
M-118,ODI-118,118,Высота порогов в дверных проемах на путях МГН,Раздел 10. ОДИ,Существенное (предписание)
M-119,ODI-119,119,Габариты и планировка санузлов для инвалидов (универсальные кабины),Раздел 10. ОДИ,Критическое (приостановка работ)
M-120,ODI-120,120,Спецификация опорных стационарных и откидных поручней,Раздел 10. ОДИ,Критическое (приостановка работ)
M-121,ODI-121,121,Количество и габариты парковочных мест для инвалидов,Раздел 10. ОДИ,Критическое (приостановка работ)
M-122,ODI-122,122,Наличие и расстановка тактильно-контрастных указателей,Раздел 10. ОДИ,Существенное (предписание)
M-123,ODI-123,123,Состав систем двухсторонней связи и вызова помощника,Раздел 10. ОДИ,Критическое (приостановка работ)
M-124,ZU-124,124,Класс энергетической эффективности здания,Раздел 11. ЗУ,Критическое (приостановка работ)
M-125,ZU-125,125,Толщина теплоизоляционного слоя наружных стен,Раздел 11. ЗУ,Критическое (приостановка работ)
M-126,ZU-126,126,Коэффициент теплопроводности (λ) утеплителя стен,Раздел 11. ЗУ,Критическое (приостановка работ)
M-127,ZU-127,127,Коэффициент сопротивления теплопередаче окон (Ro),Раздел 11. ЗУ,Критическое (приостановка работ)
M-128,ZU-128,128,Толщина утеплителя чердачных перекрытий / кровли,Раздел 11. ЗУ,Критическое (приостановка работ)
M-129,ZU-129,129,Наличие приборов учета расхода энергоресурсов,Раздел 11. ЗУ,Существенное (предписание)
M-130,ZU-130,130,Установка энергосберегающего осветительного оборудования,Раздел 11. ЗУ,Существенное (предписание)
M-131,ZU-131,131,Удельный годовой расход тепловой энергии на отопление,Раздел 11. ЗУ,Критическое (приостановка работ)
M-132,SM-132,132,Итоговая стоимость по Сводному сметному расчету (ССР),Раздел 12. СМ,Существенное (предписание)
