code,data_type,min_value,max_value,regex_pattern,semantic_anchors,enum_values,sp_reference,gost_reference,fz_reference,other_normative
M-001,number,,,"(?i)площадь\s+застройки\D{0,40}(\d[\d\s]*(?:[.,]\d+)?)\s*(?:м2|м²|кв\.?\s*м)",площадь застройки|пятно застройки|площадь застройки наземной части|площадь застройки подземной части,,,,,
M-002,number,,,"(?i)(?:общая\s+площадь(?:\s+(?:жилого\s+)?(?:здания|объекта))?|площадь\s+(?:жилого\s+)?(?:здания|объекта))(?:\D|(?<=[мm])[23]){0,40}?(?<![мm\d])(\d[\d\s]*(?:[.,]\d+)?)",общая площадь здания|площадь жилого здания|общая площадь объекта|площадь здания|сводная экспликация помещений|экспликация помещений|итого по этажу,,,,,
M-003,number,,,"(?i)(?:полезная|расч[её]тная)\s+площадь(?!\s+(?:орошени|тушени|пожар|возгорани|защищаем))\D{0,40}(\d[\d\s]*(?:[.,]\d+)?)",полезная площадь|расчетная площадь здания|расчетная площадь объекта|экспликация помещений,,,,,
M-004,,,,,строительный объем здания|строительный объем в т.ч|строительный объем,,,,,
M-005,,,,,строительный объем подземной части|строительный объем ниже отм,,,,,
M-006,,,,,строительный объем надземной части|строительный объем выше отм,,,,,
M-007,,,,,этажность здания|этажность|количество этажей|число этажей,,,,,
M-008,,,,"(?i)(?<!абсолютная\s)(?<!техническая\s)(?<![\wА-Яа-яЁё-])высота\s+(?:здания|объекта)(?!\s+капитальн)(?:\s*\([^)]{0,40}\))?\s*(?:[,:—–-]\s*)?(?:м\.?\s*)?(?:[:—–-]\s*)?(\d{1,3}(?:[.,]\d{1,3})?)(?:\s*м(?![\wА-Яа-я²³]))?",,,,,,
M-010,,,,,общее количество квартир|количество квартир,,,,,
M-012,,,,,кол-во машиномест в подземной автостоянке|машиномест в подземной|машино-мест в подземной,,,,,
M-013,,,,,проектная вместимость,,,,,
M-015,enum,,,"(?i)(I{1,3})\s+категори\w*\s+надежност",категория надежности электроснабжения,III|II|I,,,,
M-019,,,,,процент застройки|коэффициент застройки,,,,,
M-021,enum,,,"(?i:класс(?:е)?\s+энерг(?:етической\s+|о)эффективности)(?:\s+(?i:здания|объекта|жилого\s+дома|дома))?\s*(?:[:—–-]\s*)?[«\""']?([A-GАВСЕ]\+{0,2})(?![\wА-Яа-яЁё])",класс энергетической эффективности,G|F|E|D|C|B|A|A+|A++,,,,
M-022,enum,,,"(?i)степень\s+огнестойкости\D{0,20}\b(V|IV|III|II|I)\b",степень огнестойкости,V|IV|III|II|I,,,,
M-023,enum,,,"(?i)класс\w*\s+конструктивной\s+пожарной\s+опасности\D{0,20}\b([CС][0-3])\b",класс конструктивной пожарной опасности,С3|С2|С1|С0,,,,
M-025,,,,,покрытие асфальтом|асфальтовое покрытие,,,,,
M-027,,,,,площадь озеленения,,,,,
M-028,,,,,площадь детских площадок|площадь спортивных площадок,,,,,
M-041,number,0.9,,"(?i)ширин\w*\s+(?:в\s+свету\s+)?(?:эвакуационн\w*\s+)?(?:выход\w*|двер\w*)[^\d;]{0,40}?(\d(?:[.,]\d{1,3})?|\d{3,4})\s*(?:мм|м)(?![\wА-Яа-я²³])",ширина эвакуационного выхода|ширина дверного проема в свету|эвакуационная дверь,,"СП 1.13130.2020, п. 4.2.1",,,
M-050,enum,,,,,КМ5|КМ4|КМ3|КМ2|КМ1|КМ0,,,,
M-055,enum,,,"\b[BВ]\s?(\d{1,2}(?:[.,]5)?)\b",класс бетона|класс прочности бетона на сжатие|бетон тяжёлый класса,B7.5|B10|B12.5|B15|B20|B22.5|B25|B27.5|B30|B35|B40|B45|B50|B55|B60,,,,
M-056,enum,,,,,С235|С245|С255|С345|С355|С390|С440|С590,,,,
M-057,enum,,,,,А240|А400|А500|А500С|А600,,,,
M-072,string,,,,,,,,,
M-075,string,,,,,,,,,
M-107,enum,,,,,КМ5|КМ4|КМ3|КМ2|КМ1|КМ0,,,,
M-109,string,,,,,,,,,
M-124,enum,,,"(?i:класс(?:е)?\s+энерг(?:етической\s+|о)эффективности)(?:\s+(?i:здания|объекта|жилого\s+дома|дома))?\s*(?:[:—–-]\s*)?[«\""']?([A-GАВСЕ]\+{0,2})(?![\wА-Яа-яЁё])",класс энергетической эффективности,G|F|E|D|C|B|A|A+|A++,,,,
