code,external_code,section,parameter_name,unit,source_pd,source_rd,source_id,trigger_logic,review_priority,sp_reference,gost_reference,fz_reference,other_normative,data_type,min_value,max_value,regex_pattern,semantic_anchors,enum_values,is_active
M-001,PZ-001,ПЗ,Площадь застройки,м²,Раздел ПЗУ: Таблица ТЭП,"Раздел ПП (ГП): Лист ""Общие данные"", Таблица ТЭП",Технический план БТИ; Акт выноса осей,Расхождение контуров здания на генплане с данными БТИ или РД > 0.,HIGH,,,,,number,,,"(?i)площадь\s+застройки\D{0,40}(\d[\d\s]*(?:[.,]\d+)?)\s*(?:м2|м²|кв\.?\s*м)",площадь застройки|пятно застройки|площадь застройки наземной части|площадь застройки подземной части,,false
M-002,PZ-002,ПЗ,Общая площадь здания,м²,Раздел ПЗ: Таблица ТЭП (текстовая часть),"Раздел АР: Лист ""Общие данные"", Сводная экспликация",Технический план БТИ; ЗОС,Дельта общей площади между ПД и РД (или ИД) > 1%.,HIGH,,,,,number,,,"(?i)(?:общая\s+площадь(?:\s+(?:жилого\s+)?(?:здания|объекта))?|площадь\s+(?:жилого\s+)?(?:здания|объекта))(?:\D|(?<=[мm])[23]){0,40}?(?<![мm\d])(\d[\d\s]*(?:[.,]\d+)?)",общая площадь здания|площадь жилого здания|общая площадь объекта|площадь здания|сводная экспликация помещений|экспликация помещений|итого по этажу,,false
M-003,PZ-003,ПЗ,Полезная / Расчетная площадь,м²,Раздел ПЗ: Таблица ТЭП,Раздел АР: Сводная экспликация помещений,Технический план БТИ,Сокращение полезной площади в РД в пользу технических зон.,MEDIUM,,,,,number,,,"(?i)(?:полезная|расч[её]тная)\s+площадь(?!\s+(?:орошени|тушени|пожар|возгорани|защищаем))\D{0,40}(\d[\d\s]*(?:[.,]\d+)?)",полезная площадь|расчетная площадь здания|расчетная площадь объекта|экспликация помещений|Полезная / Расчетная площадь,,false
M-004,PZ-004,ПЗ,Строительный объем (Общий),м³,Раздел ПЗ: Таблица ТЭП,"Раздел АР/КР: Лист ""Общие данные"", Таблица ТЭП",Технический план БТИ; ЗОС,Изменение внешних объемных габаритов здания в РД без корректировки ПД.,HIGH,,,,,number,,,"(?i)Строит[её]льный\W+объ[её]м\W+Общий[^\d;]{0,60}?(-?\d[\d\s]*(?:[.,]\d+)?)",строительный объем здания|строительный объем в т.ч|строительный объем|Строительный объем (Общий),,false
M-005,PZ-005,ПЗ,Строительный объем (Подземный),м³,Раздел ПЗ: Таблица ТЭП,Раздел КК/АР: ТЭП подземной части,Технический план БТИ,Изменение глубины заложения или объема паркинга/подвала в РД.,HIGH,,,,,number,,,"(?i)Строит[её]льный\W+объ[её]м\W+Подз[её]мный[^\d;]{0,60}?(-?\d[\d\s]*(?:[.,]\d+)?)",строительный объем подземной части|строительный объем ниже отм|Строительный объем (Подземный),,false
M-006,PZ-006,ПЗ,Строительный объем (Надземный),м³,Раздел ПЗ: Таблица ТЭП,Раздел АР/КР: Чертежи фасадов и разрезов,Разрешение на ввод; ЗОС,Изменение общего числа этажей (включая технический) в РД.,HIGH,,,,,number,,,"(?i)Строит[её]льный\W+объ[её]м\W+Надз[её]мный[^\d;]{0,60}?(-?\d[\d\s]*(?:[.,]\d+)?)",строительный объем надземной части|строительный объем выше отм|Строительный объем (Надземный),,false
M-007,PZ-007,ПЗ,Этажность (надземная),ед.,Раздел ПЗ: Таблица ТЭП,"Раздел АР: Заглавные листы, чертежи фасадов",Разрешение на ввод; Технический план БТИ,Несовпадение количества надземных этажей в РД с утвержденной ПД.,HIGH,,,,,number,,,"(?i)Этажность\W+надз[её]мная[^\d;]{0,60}?(-?\d[\d\s]*(?:[.,]\d+)?)",этажность здания|этажность|количество этажей|число этажей|Этажность (надземная),,false
M-008,PZ-008,ПЗ,Высота здания,м,Раздел ПЗ: Таблица ТЭП (высотная отметка),"Раздел АР: Чертежи фасадов, разрезы",Исполнительная геодезическая съемка фасада,Увеличение высоты здания в РД (риск нарушения ограничений приаэродромных зон).,HIGH,,,,,number,,,"(?i)(?<!абсолютная\s)(?<!техническая\s)(?<![\wА-Яа-яЁё-])высота\s+(?:здания|объекта)(?!\s+капитальн)(?:\s*\([^)]{0,40}\))?\s*(?:[,:—–-]\s*)?(?:м\.?\s*)?(?:[:—–-]\s*)?(\d{1,3}(?:[.,]\d{1,3})?)(?:\s*м(?![\wА-Яа-я²³]))?",Высота здания,,false
M-009,PZ-009,ПЗ,Абсолютная отметка 0.000,м,Раздел ПЗ: Текст (геоподоснова),Раздел АР/КР: Чертежи (отметка на разрезах),Исполнительная геодезическая схема,Несоответствие абсолютной отметки нуля на чертежах РД геоподоснове ПД.,HIGH,,,,,number,,,"(?i)Абсолютная\W+отм[её]тка\W+0\W+000[^\d;]{0,60}?(-?\d[\d\s]*(?:[.,]\d+)?)",Абсолютная отметка 0.000,,false
M-010,PZ-010,ПЗ,Количество квартир,шт.,"Раздел ПЗ: Таблица ТЭП; Текст ""Жилищная часть""",Раздел АР: Сводная экспликация квартир,Технический план БТИ (план помещений),Изменение общего количества жилых единиц (перепланировка в РД).,HIGH,,,,,number,,,"(?i)Колич[её]ство\W+квартир[^\d;]{0,60}?(-?\d[\d\s]*(?:[.,]\d+)?)",общее количество квартир|количество квартир,,false
M-011,PZ-011,ПЗ,Квартирография,шт.,Раздел ПЗ: Текст (состав квартир),Раздел АР: Сводная экспликация квартир,Технический план БТИ,"Изменение пропорций (например, замена 3-комнатной на две студии).",HIGH,,,,,number,,,"(?i)Квартирография[^\d;]{0,60}?(-?\d[\d\s]*(?:[.,]\d+)?)",Квартирография,,false
M-012,PZ-012,ПЗ,Количество машино-мест (подземных),шт.,Раздел ПЗ: Таблица ТЭП (паркинг),Раздел АР: План расстановки авто в паркинге,Исполнительная схема разметки паркинга; Техплан БТИ,Сокращение количества машино-мест в РД (нарушение местных нормативов).,HIGH,,,,,number,,,"(?i)Колич[её]ство\W+машино\W+м[её]ст\W+подз[её]мных[^\d;]{0,60}?(-?\d[\d\s]*(?:[.,]\d+)?)",кол-во машиномест в подземной автостоянке|машиномест в подземной|машино-мест в подземной|Количество машино-мест (подземных),,false
M-013,PZ-013,ПЗ,Технологическая мощность / Вместимость,ед.,Раздел ПЗ: Текст (ТХ),"Раздел ТХ: Лист ""Общие данные""; Спецификация оборудования",Акт приемки оборудования; Акт ПНР,Снижение мощности (выпуск продукции в год) или вместимости (школа/детсад).,HIGH,,,,,number,,,"(?i)Т[её]хнологич[её]ская\W+мощность\W+Вм[её]стимость[^\d;]{0,60}?(-?\d[\d\s]*(?:[.,]\d+)?)",проектная вместимость|Технологическая мощность / Вместимость,,false
M-014,PZ-014,ПЗ,Расчетная электрическая мощность,кВт,Раздел ПЗ: Текст (ТУ); Таблица нагрузок,"Раздел ЭОМ: Лист ""Общие данные"", Расчетные таблицы",Акт техприсоединения; Акт допуска Ростехнадзора,"Превышение расчетной мощности в РД над лимитом ТУ, выданным в ПД.",HIGH,,,,,number,,,"(?i)Расч[её]тная\W+эл[её]ктрич[её]ская\W+мощность[^\d;]{0,60}?(-?\d[\d\s]*(?:[.,]\d+)?)",Расчетная электрическая мощность,,false
M-015,PZ-015,ПЗ,Категория надежности электроснабжения,Кат.,Раздел ПЗ: Текст (Требования к надежности),Раздел ЭОМ: Принципиальная схема ВРУ/ГРЩ,Акт допуска Ростехнадзора,"Снижение категории (например, перевод ИТП с 1-й на 2-ю категорию).",HIGH,,,,,enum,,,"(?i)(I{1,3})\s+категори\w*\s+надежност",категория надежности электроснабжения,III|II|I,false
M-016,PZ-016,ПЗ,Суточный расход водопотребления,м³/сут,Раздел ПЗ: Баланс водопотребления,"Раздел ВК: Лист ""Общие данные"", Таблица расходов",Договор ХВС/ГВС (лимиты),"Выход расчетного расхода в РД за объемы, утвержденные экспертизой в ПД.",HIGH,,,,,number,,,"(?i)Суточный\W+расход\W+водопотр[её]бл[её]ния[^\d;]{0,60}?(-?\d[\d\s]*(?:[.,]\d+)?)",Суточный расход водопотребления,,false
M-017,PZ-017,ПЗ,Суммарная тепловая нагрузка,Гкал/ч,Раздел ПЗ: Текст (ТУ теплосети),"Раздел ОВ: Лист ""Общие данные"", Таблица нагрузок",Акт готовности систем; Договор теплоснабжения,Превышение суммарной тепловой нагрузки в спецификациях и таблицах РД.,HIGH,,,,,number,,,"(?i)Суммарная\W+т[её]пловая\W+нагрузка[^\d;]{0,60}?(-?\d[\d\s]*(?:[.,]\d+)?)",Суммарная тепловая нагрузка,,false
M-018,PZ-018,ПЗ,Максимальный часовой расход газа,м³/ч,Раздел ПЗ: Текст (ТУ газа),"Раздел ГСВ: Лист ""Общие данные""; Схема ГРП/Ш",Акт приемки газопровода; Договор поставки газа,"Увеличение потребления газа в РД выше лимита, одобренного в ПД.",HIGH,,,,,number,,,"(?i)Максимальный\W+часовой\W+расход\W+газа[^\d;]{0,60}?(-?\d[\d\s]*(?:[.,]\d+)?)",Максимальный часовой расход газа,,false
M-019,PZ-019,ПЗ,Коэффициент застройки (КЗ),%,Раздел ПЗ: Таблица ТЭП земельного участка,"Раздел ПП (ГП): Лист ""Общие данные"", Таблица ТЭП",Справка о ТЭП для ввода в эксплуатацию,"Превышение КЗ над предельным значением, утвержденным в ПД.",HIGH,,,,,number,,,"(?i)Коэффици[её]нт\W+застройки\W+КЗ[^\d;]{0,60}?(-?\d[\d\s]*(?:[.,]\d+)?)",процент застройки|коэффициент застройки|Коэффициент застройки (КЗ),,false
M-020,PZ-020,ПЗ,Коэффициент использования территории (КИТ),%,Раздел ПЗ: Таблица ТЭП земельного участка,"Раздел ПП (ГП): Лист ""Общие данные"", Таблица ТЭП",Справка о ТЭП для ввода в эксплуатацию,"Выход за нормативные рамки плотности, утвержденные в ПД.",HIGH,,,,,number,,,"(?i)Коэффици[её]нт\W+использования\W+т[её]рритории\W+КИТ[^\d;]{0,60}?(-?\d[\d\s]*(?:[.,]\d+)?)",Коэффициент использования территории (КИТ),,false
M-021,PZ-021,ПЗ,Класс энергетической эффективности,Буква,"Раздел ПЗ: Текст ""Энергоэффективность""","Раздел АР/ОВ: Требования в ""Общих данных""",Энергетический паспорт (фактический по замерам),Снижение класса энергоэффективности в РД/ИД относительно ПД.,HIGH,,,,,enum,,,"(?i:класс(?:е)?\s+энерг(?:етической\s+|о)эффективности)(?:\s+(?i:здания|объекта|жилого\s+дома|дома))?\s*(?:[:—–-]\s*)?[«\""']?([A-GАВСЕ]\+{0,2})(?![\wА-Яа-яЁё])",класс энергетической эффективности,G|F|E|D|C|B|A|A+|A++,false
M-022,PZ-022,ПЗ,Степень огнестойкости здания,Степень,Раздел ПЗ: Противопожарные характеристики,"Раздел АР/КР: Лист ""Общие данные"" (маркировка)",Заключение ГПН (МЧС),"Снижение степени огнестойкости (например, с I на II) в РД.",HIGH,,,,,enum,,,"(?i)степень\s+огнестойкости\D{0,20}\b(V|IV|III|II|I)\b",степень огнестойкости|Степень огнестойкости здания,V|IV|III|II|I,false
M-023,PZ-023,ПЗ,Класс конструктивной пожарной опасности,"Класс (С0, С1)",Раздел ПЗ: Противопожарные характеристики,"Раздел АР/КР: Лист ""Общие данные"" (маркировка)",Заключение ГПН (МЧС),"Снижение класса пожарной опасности (например, с С0 на С1) в РД.",HIGH,,,,,enum,,,"(?i)класс\w*\s+конструктивной\s+пожарной\s+опасности\D{0,20}\b([CС][0-3])\b",класс конструктивной пожарной опасности,С3|С2|С1|С0,false
M-024,SPZU-024,СПЗУ,Объем грунта (выемка/насыпь),м³,Ведомость объемов работ (СПЗУ),Раздел ПП: План земляных масс; Ведомость выемки,Журнал учета транспорта; Накладные на вывоз/завоз,Дельта объемов выемки и обратной засыпки между стадиями > 5%.,MEDIUM,,,,,number,,,"(?i)Объ[её]м\W+грунта\W+вы[её]мка\W+насыпь[^\d;]{0,60}?(-?\d[\d\s]*(?:[.,]\d+)?)",Объем грунта (выемка/насыпь),,false
M-025,SPZU-025,СПЗУ,Площадь асфальтобетонного покрытия,м²,"Ведомость проездов, тротуаров и площадок (СПЗУ)",План благоустройства; Ведомость покрытий (ПП),Исполнительная схема покрытий; Акты АОСР,Увеличение или уменьшение площади твердых покрытий > 5%.,MEDIUM,,,,,number,,,"(?i)Площадь\W+асфальтоб[её]тонного\W+покрытия[^\d;]{0,60}?(-?\d[\d\s]*(?:[.,]\d+)?)",покрытие асфальтом|асфальтовое покрытие|Площадь асфальтобетонного покрытия,,false
M-026,SPZU-026,СПЗУ,Площадь тротуарного плиточного покрытия,м²,"Ведомость проездов, тротуаров и площадок (СПЗУ)",План благоустройства; Ведомость покрытий (ПП),Исполнительная схема покрытий; Акты АОСР,Изменение объемов мощения без согласования заказчика.,MEDIUM,,,,,number,,,"(?i)Площадь\W+тротуарного\W+плиточного\W+покрытия[^\d;]{0,60}?(-?\d[\d\s]*(?:[.,]\d+)?)",Площадь тротуарного плиточного покрытия,,false
M-027,SPZU-027,СПЗУ,Площадь озеленения и газонов,м²,"Ведомость проездов, тротуаров и площадок (СПЗУ)",План благоустройства; Ведомость озеленения (ПП),Исполнительная схема благоустройства; Акты приемки,Сокращение площади озеленения в РД/ИД ниже минимальных требований ГПЗУ.,HIGH,,,,,number,,,"(?i)Площадь\W+оз[её]л[её]н[её]ния\W+и\W+газонов[^\d;]{0,60}?(-?\d[\d\s]*(?:[.,]\d+)?)",площадь озеленения|Площадь озеленения и газонов,,false
M-028,SPZU-028,СПЗУ,Площадь детских и спортивных площадок,м²,Текст СПЗУ; Схема благоустройства,План благоустройства; Спецификация МАФ (ПП),Исполнительная схема благоустройства,Уменьшение нормативной площади площадок отдыха/спорта в РД.,HIGH,,,,,number,,,"(?i)Площадь\W+д[её]тских\W+и\W+спортивных\W+площадок[^\d;]{0,60}?(-?\d[\d\s]*(?:[.,]\d+)?)",площадь детских площадок|площадь спортивных площадок|Площадь детских и спортивных площадок,,false
M-029,SPZU-029,СПЗУ,Спецификация МАФ,шт. / компл.,Ведомость МАФ (СПЗУ),Спецификация оборудования благоустройства (ПП),Паспорта качества; Сертификаты на установленные МАФ,Сокращение позиций МАФ; подмена на аналоги низкого качества.,MEDIUM,,,,,string,,,"(?i)Сп[её]цификация\W+МАФ[)»\""”]*(?:\s*[,(][^:;]{0,40})?\s*[:—–]\s*([^;]{1,200})",Спецификация МАФ,,false
M-030,SPZU-030,СПЗУ,Ширина внутриплощадочных дорог и проездов,м,План проездов; Линейные размеры (СПЗУ),План благоустройства; Полосы проезжей части (ПП),Исполнительная схема покрытий (фактические обмеры),Ширина пожарного проезда в РД или в натуре (ИД) менее 4.2 м.,HIGH,,,,,number,,,"(?i)Ширина\W+внутриплощадочных\W+дорог\W+и\W+про[её]здов[^\d;]{0,60}?(-?\d[\d\s]*(?:[.,]\d+)?)",Ширина внутриплощадочных дорог и проездов,,false
M-031,SPZU-031,СПЗУ,Радиусы поворота дорог и пожарных проездов,м,План проездов; Радиусы закруглений (СПЗУ),Разбивочный план проездов (ПП),Исполнительная геодезическая схема,Уменьшение радиуса поворота пожарной техники < 10-12 м (норматив).,HIGH,,,,,number,,,"(?i)Радиусы\W+поворота\W+дорог\W+и\W+пожарных\W+про[её]здов[^\d;]{0,60}?(-?\d[\d\s]*(?:[.,]\d+)?)",Радиусы поворота дорог и пожарных проездов,,false
M-032,SPZU-032,СПЗУ,Конструкция дорожной одежды,мм (слои),Текст СПЗУ; Типовые поперечные разрезы,Детальные разрезы и узлы; Спецификация (ПП),"Акты АОСР на устройство слоев (песок, щебень, асфальт)",Исключение слоев или уменьшение толщины асфальта/щебня в РД и ИД.,HIGH,,,,,string,,,"(?i)Конструкция\W+дорожной\W+од[её]жды[)»\""”]*(?:\s*[,(][^:;]{0,40})?\s*[:—–]\s*([^;]{1,200})",Конструкция дорожной одежды,,false
M-033,SPZU-033,СПЗУ,Уклоны дорог и проездов,‰,План организации рельефа (СПЗУ),План организации рельефа; Проектные уклоны (ПП),Исполнительная геодезическая схема (высотные отметки),"Нарушение уклонов, ведущее к застою воды или превышению крутизны.",MEDIUM,,,,,number,,,"(?i)Уклоны\W+дорог\W+и\W+про[её]здов[^\d;]{0,60}?(-?\d[\d\s]*(?:[.,]\d+)?)",Уклоны дорог и проездов,,false
M-034,SPZU-034,СПЗУ,Точки и координаты подключения внешних сетей,Коорд.,Сводный план инженерных сетей (СПЗУ),Наружные сети (НВК/НТС); Разбивочные чертежи,Исполнительная геодезическая схема до точки врезки,Смещение точки подключения наружной сети относительно ТУ и ПД > 0.5 м.,HIGH,,,,,coordinate,,,"(?i)Точки\W+и\W+координаты\W+подключ[её]ния\W+вн[её]шних\W+с[её]т[её]й[)»\""”]*(?:\s*[,(][^:;]{0,40})?\s*[:—–]\s*([^;]{1,200})",Точки и координаты подключения внешних сетей,,false
M-035,SPZU-035,СПЗУ,Охранные зоны существующих коммуникаций,,Ситуационный план; Сводный план с границами (СПЗУ),Планы прокладки трасс; Посадка зданий (ПП),Исполнительная разбивка осей зданий и сетей,"Посадка временных зданий, кранов или сетей в охранную зону.",HIGH,,,,,string,,,"(?i)Охранны[её]\W+зоны\W+сущ[её]ствующих\W+коммуникаций[)»\""”]*(?:\s*[,(][^:;]{0,40})?\s*[:—–]\s*([^;]{1,200})",Охранные зоны существующих коммуникаций,,false
M-036,SPZU-036,СПЗУ,Тип и высотные параметры ограждения территории,м,Текст СПЗУ; Чертежи элементов ограждения,Рабочие чертежи заборов/ворот; Спецификация (АР/ПП),Акты АОСР на монтаж; Паспорта конструкций,"Замена типа ограждения (например, шумозащита на сетку); занижение высоты.",MEDIUM,,,,,number,,,"(?i)Тип\W+и\W+высотны[её]\W+парам[её]тры\W+огражд[её]ния\W+т[её]рритории[^\d;]{0,60}?(-?\d[\d\s]*(?:[.,]\d+)?)",Тип и высотные параметры ограждения территории,,false
M-037,SPZU-037,СПЗУ,Количество и разметка парковочных мест на участке,шт.,Схема планировочной организации (СПЗУ),План благоустройства; Разметка автостоянок (ПП),Исполнительная схема дорожной разметки,Сокращение количества наземных парковочных мест в РД.,HIGH,,,,,number,,,"(?i)Колич[её]ство\W+и\W+разм[её]тка\W+парковочных\W+м[её]ст\W+на\W+участк[её][^\d;]{0,60}?(-?\d[\d\s]*(?:[.,]\d+)?)",Количество и разметка парковочных мест на участке,,false
M-038,SPZU-038,СПЗУ,Количество парковочных мест для МГН на участке,шт.,Схема парковочных зон (СПЗУ/ОДИ),План благоустройства; Знаки и разметка (ПП),Исполнительная схема разметки; Акты установки знаков,Отсутствие или уменьшение доли мест для МГН (< 10% от общего числа).,HIGH,,,,,number,,,"(?i)Колич[её]ство\W+парковочных\W+м[её]ст\W+для\W+МГН\W+на\W+участк[её][^\d;]{0,60}?(-?\d[\d\s]*(?:[.,]\d+)?)",Количество парковочных мест для МГН на участке,,false
M-039,SPZU-039,СПЗУ,Мероприятия по инженерной подготовке (дренажи),,Схема инженерной подготовки (СПЗУ),Схемы дождевой канализации; Дренажные системы (НВК),Акты АОСР на устройство дренажа; Исполнительные схемы,Исключение из РД открытых лотков или закрытых систем пристенного дренажа.,HIGH,,,,,string,,,"(?i)М[её]роприятия\W+по\W+инж[её]н[её]рной\W+подготовк[её]\W+др[её]нажи[)»\""”]*(?:\s*[,(][^:;]{0,40})?\s*[:—–]\s*([^;]{1,200})",Мероприятия по инженерной подготовке (дренажи),,false
M-040,AR-040,АР,Ширина магистральных эвакуационных коридоров,м,Планы этажей; Схемы путей эвакуации (АР),Кладочные планы; Линейные размеры (АР),Исполнительная схема поэтажных планов (обмеры после отделки),Снижение ширины коридора в РД/ИД менее 1.2 м (СП 1.13130).,HIGH,,,,,number,,,"(?i)Ширина\W+магистральных\W+эвакуационных\W+коридоров[^\d;]{0,60}?(-?\d[\d\s]*(?:[.,]\d+)?)",Ширина магистральных эвакуационных коридоров,,false
M-041,AR-041,АР,Ширина эвакуационных выходов (дверей),м,Ведомость заполнения проемов (АР),Спецификация дверей (ГОСТ 21.101); Детальные узлы (АР),Паспорта на двери; Акты АОСР (фактический замер),Ширина дверного полотна на путях эвакуации в РД/ИД < 0.9 м.,HIGH,"СП 1.13130.2020, п. 4.2.1",,,,number,0.9,,"(?i)ширин\w*\s+(?:в\s+свету\s+)?(?:эвакуационн\w*\s+)?(?:выход\w*|двер\w*)[^\d;]{0,40}?(\d(?:[.,]\d{1,3})?|\d{3,4})\s*(?:мм|м)(?![\wА-Яа-я²³])",ширина эвакуационного выхода|ширина дверного проема в свету|эвакуационная дверь|Ширина эвакуационных выходов (дверей),,false
M-042,AR-042,АР,Высота путей эвакуации и проемов,м,Разрезы здания; Высотные отметки (АР),Рабочие размеры; Чертежи лестничных клеток (АР),Исполнительная геодезическая схема (высоты интерьеров),Высота коридоров < 2.0 м или дверей < 1.9 м (СП 1.13130).,HIGH,,,,,number,,,"(?i)Высота\W+пут[её]й\W+эвакуации\W+и\W+про[её]мов[^\d;]{0,60}?(-?\d[\d\s]*(?:[.,]\d+)?)",Высота путей эвакуации и проемов,,false
M-043,AR-043,АР,Направление открывания эвакуационных дверей,,Планы этажей; Схемы эвакуации (АР),Рабочие планы; Графические схемы (АР),Акты проверки систем ПЗ; Фотофиксация,Дверь открывается внутрь помещения или блокирует смежный поток эвакуации.,HIGH,,,,,string,,,"(?i)Направл[её]ни[её]\W+открывания\W+эвакуационных\W+дв[её]р[её]й[)»\""”]*(?:\s*[,(][^:;]{0,40})?\s*[:—–]\s*([^;]{1,200})",Направление открывания эвакуационных дверей,,false
M-044,AR-044,АР,Послойный состав пирога кровли,мм (слои),Узлы кровли; Разрезы; Спецификация (АР),План кровли; Детальные чертежи; Спецификация (АР),Акты АОСР на устройство кровли,Замена кровельной мембраны на класс ниже; исключение пароизоляционного слоя.,HIGH,,,,,string,,,"(?i)Послойный\W+состав\W+пирога\W+кровли[)»\""”]*(?:\s*[,(][^:;]{0,40})?\s*[:—–]\s*([^;]{1,200})",Послойный состав пирога кровли,,false
M-045,AR-045,АР,Уклоны кровли и система водостока,% / °,План кровли; Стрелки уклонов (АР),Рабочий план кровли; Спецификация (АР),Исполнительная схема кровли (нивелировка уклонов и воронок),Уменьшение уклона кровли ниже проектного; сокращение количества воронок.,HIGH,,,,,string,,,"(?i)Уклоны\W+кровли\W+и\W+сист[её]ма\W+водостока[)»\""”]*(?:\s*[,(][^:;]{0,40})?\s*[:—–]\s*([^;]{1,200})",Уклоны кровли и система водостока,,false
M-046,AR-046,АР,Общее количество и габариты оконных блоков,шт. / м²,Ведомость заполнения проемов (АР),Спецификация окон; Рабочие фасады (АР),Сертификаты на окна; Акты приемки конструкций,Сокращение количества окон; уменьшение площади остекления (риск КЕО).,HIGH,,,,,string,,,"(?i)Общ[её][её]\W+колич[её]ство\W+и\W+габариты\W+оконных\W+блоков[)»\""”]*(?:\s*[,(][^:;]{0,40})?\s*[:—–]\s*([^;]{1,200})",Общее количество и габариты оконных блоков,,false
M-047,AR-047,АР,Габариты и глубина тамбуров входных групп,м,Планы 1 этажа; Входные группы (АР),Детальные чертежи крылец; Спецификация дверей (АР),Исполнительная схема входных групп (фактические обмеры),Глубина тамбура в РД/ИД менее 1.5-1.8 м (невозможность проезда коляски).,HIGH,,,,,number,,,"(?i)Габариты\W+и\W+глубина\W+тамбуров\W+входных\W+групп[^\d;]{0,60}?(-?\d[\d\s]*(?:[.,]\d+)?)",Габариты и глубина тамбуров входных групп,,false
M-048,AR-048,АР,Количество и параметры лестничных маршей и ступеней,шт. / мм,Разрезы лестничных клеток; Планы этажей (АР),Детальные чертежи лестниц; Спецификация (АР),Исполнительная схема лестниц (фактические промеры),Изменение количества ступеней; высота подступенка > 150 мм или проступь < 300 мм.,HIGH,,,,,string,,,"(?i)Колич[её]ство\W+и\W+парам[её]тры\W+л[её]стничных\W+марш[её]й\W+и\W+ступ[её]н[её]й[)»\""”]*(?:\s*[,(][^:;]{0,40})?\s*[:—–]\s*([^;]{1,200})",Количество и параметры лестничных маршей и ступеней,,false
M-049,AR-049,АР,"Высота и тип ограждений лестниц, балкона, кровли",м,Фасады; Разрезы; Узлы ограждений (АР),Детальные рабочие чертежи; Спецификация (АР),Акты АОСР на монтаж; Замеры высоты (ИД),Снижение высоты ограждения < 1.2 м для кровли/балкона (СП 54.13330).,HIGH,,,,,number,,,"(?i)Высота\W+и\W+тип\W+огражд[её]ний\W+л[её]стниц\W+балкона\W+кровли[^\d;]{0,60}?(-?\d[\d\s]*(?:[.,]\d+)?)","Высота и тип ограждений лестниц, балкона, кровли",,false
M-050,AR-050,АР,Спецификация и типы внутренней отделки помещений,Класс (КМ),Ведомость отделки (ГОСТ 21.501) (АР),Ведомость отделки; Спецификация ЛКМ/плитки (АР),Сертификаты; Пожарные декларации на материалы,Подмена негорючей отделки (КМ0/КМ1) на горючую (КМ3) на путях эвакуации.,HIGH,,,,,enum,,,"(?i)Сп[её]цификация\W+и\W+типы\W+внутр[её]нн[её]й\W+отд[её]лки\W+пом[её]щ[её]ний[)»\""”]*(?:\s*[,(][^:;]{0,40})?\s*[:—–]\s*([^;]{1,200})",Спецификация и типы внутренней отделки помещений,КМ5|КМ4|КМ3|КМ2|КМ1|КМ0,false
M-051,AR-051,АР,Параметры естественного освещения (КЕО),%,Расчет КЕО (АР),Спецификация окон; Планы этажей (АР),Заключение экспертизы; Лабораторные замеры КЕО,"Изменение конфигурации оконных переплетов в РД, снижающее светопропускание.",MEDIUM,,,,,number,,,"(?i)Парам[её]тры\W+[её]ст[её]ств[её]нного\W+осв[её]щ[её]ния\W+К[ЕЁ]О[^\d;]{0,60}?(-?\d[\d\s]*(?:[.,]\d+)?)",Параметры естественного освещения (КЕО),,false
M-052,AR-052,АР,Цветовое решение и материалы облицовки фасадов,RAL / Артикул,Чертежи фасадов в цвете (Паспорт фасадов),Рабочие чертежи фасадов; Раскладка плитки (АР),Паспорта качества на фасадные панели; Акты АОСР,Изменение колористического решения фасада в РД без согласования.,MEDIUM,,,,,string,,,"(?i)Цв[её]тово[её]\W+р[её]ш[её]ни[её]\W+и\W+мат[её]риалы\W+облицовки\W+фасадов[)»\""”]*(?:\s*[,(][^:;]{0,40})?\s*[:—–]\s*([^;]{1,200})",Цветовое решение и материалы облицовки фасадов,,false
M-053,AR-053,АР,Конструктивные мероприятия по защите от шума,,Текст АР: Звукоизоляция перегородок,Чертежи деформационных швов; Прокладки (АР),Акты АОСР на устройство прокладок,Отсутствие в РД демпферных лент в местах сопряжения перегородок и перекрытий.,MEDIUM,,,,,string,,,"(?i)Конструктивны[её]\W+м[её]роприятия\W+по\W+защит[её]\W+от\W+шума[)»\""”]*(?:\s*[,(][^:;]{0,40})?\s*[:—–]\s*([^;]{1,200})",Конструктивные мероприятия по защите от шума,,false
M-054,KR-054,КР,Шаг и привязка координационных осей несущего каркаса,мм,Схема расположения осей (КР),Разбивочные планы фундаментов; Стен (КЖ/КМ),Исполнительная геодезическая схема осей,Самовольное изменение шага колонн или сдвиг осей в РД/ИД.,HIGH,,,,,number,,,"(?i)Шаг\W+и\W+привязка\W+координационных\W+ос[её]й\W+н[её]сущ[её]го\W+каркаса[^\d;]{0,60}?(-?\d[\d\s]*(?:[.,]\d+)?)",Шаг и привязка координационных осей несущего каркаса,,false
M-055,KR-055,КР,Класс прочности бетона монолитных конструкций,Марка (B),Общие данные; Спецификация материалов (КР),Общие указания; Спецификация элементов (КЖ),Журнал бетонных работ; Паспорта на БСГ; Протоколы испытаний,"Понижение класса бетона несущих элементов (например, B35 на B30) в РД/ИД.",HIGH,,,,,enum,,,"\b[BВ]\s?(\d{1,2}(?:[.,]5)?)\b",класс бетона|класс прочности бетона на сжатие|бетон тяжёлый класса|Класс прочности бетона монолитных конструкций,B7.5|B10|B12.5|B15|B20|B22.5|B25|B27.5|B30|B35|B40|B45|B50|B55|B60,false
M-056,KR-056,КР,Марка стали и класс прочности металлопроката,Марка (С),Текст КР; Спецификация металлопроката,Ведомости материалов; Спецификация (КМ/КМД),Журнал сварочных работ; Сертификаты на металл,"Подмена марки стали на менее прочную (например, С345 на С245).",HIGH,,,,,enum,,,"(?i)Марка\W+стали\W+и\W+класс\W+прочности\W+м[её]таллопроката[)»\""”]*(?:\s*[,(][^:;]{0,40})?\s*[:—–]\s*([^;]{1,200})",Марка стали и класс прочности металлопроката,С235|С245|С255|С345|С355|С390|С440|С590,false
M-057,KR-057,КР,Марка и класс прочности рабочей арматуры,Класс (А),Общие указания; Спецификация (КР),Общие указания; Ведомость расхода стали (КЖ),Акты АОСР на армирование; Сертификаты на сталь,"Замена класса арматуры на менее пластичный (например, А500С на А400).",HIGH,,,,,enum,,,"(?i)Марка\W+и\W+класс\W+прочности\W+рабоч[её]й\W+арматуры[)»\""”]*(?:\s*[,(][^:;]{0,40})?\s*[:—–]\s*([^;]{1,200})",Марка и класс прочности рабочей арматуры,А240|А400|А500|А500С|А600,false
M-058,KR-058,КР,Толщина монолитной фундаментной плиты / ростверка,мм,Опалубочный чертеж фундамента (КР),Опалубочные чертежи плиты; Разрезы (КЖ),Исполнительная геодезическая схема нивелировки верха/низа плиты,Уменьшение проектной толщины плиты в РД или по факту заливки (ИД).,HIGH,,,,,number,,,"(?i)Толщина\W+монолитной\W+фундам[её]нтной\W+плиты\W+роств[её]рка[^\d;]{0,60}?(-?\d[\d\s]*(?:[.,]\d+)?)",Толщина монолитной фундаментной плиты / ростверка,,false
M-059,KR-059,КР,Толщина монолитных плит перекрытий и покрытия,мм,Опалубочные схемы перекрытий (КР),Опалубочные чертежи; Разрезы (КЖ),Исполнительная геодезическая схема нивелировки поверхности плит,Уменьшение конструктивной толщины диска перекрытия (риск деформаций).,HIGH,,,,,number,,,"(?i)Толщина\W+монолитных\W+плит\W+п[её]р[её]крытий\W+и\W+покрытия[^\d;]{0,60}?(-?\d[\d\s]*(?:[.,]\d+)?)",Толщина монолитных плит перекрытий и покрытия,,false
M-060,KR-060,КР,Геометрические сечения несущих колонн и пилонов,мм²,Схемы расположения; Сечения (КР),Опалубочные чертежи колонн; Ведомости (КЖ),Исполнительная схема колонн (промеры сечений),Уменьшение площади поперечного сечения несущей вертикальной конструкции.,HIGH,,,,,number,,,"(?i)Г[её]ом[её]трич[её]ски[её]\W+с[её]ч[её]ния\W+н[её]сущих\W+колонн\W+и\W+пилонов[^\d;]{0,60}?(-?\d[\d\s]*(?:[.,]\d+)?)",Геометрические сечения несущих колонн и пилонов,,false
M-061,KR-061,КР,Толщина несущих монолитных стен (ядра жесткости),мм,Схемы расположения стен; Разрезы (КР),Опалубочные чертежи стен; Шахт (КЖ),Исполнительная геодезическая схема стен (толщины),Уменьшение толщины стен лифтовых шахт или пилонов диафрагм жесткости.,HIGH,,,,,number,,,"(?i)Толщина\W+н[её]сущих\W+монолитных\W+ст[её]н\W+ядра\W+ж[её]сткости[^\d;]{0,60}?(-?\d[\d\s]*(?:[.,]\d+)?)",Толщина несущих монолитных стен (ядра жесткости),,false
M-062,KR-062,КР,Диаметр продольной (рабочей) арматуры в колоннах/пилонах,мм,Схемы армирования (КР),Спецификации армирования (КЖ),Акты АОСР на армирование (вертикальные элементы),Занижение диаметра продольных арматурных стержней в спецификациях РД.,HIGH,,,,,number,,,"(?i)Диам[её]тр\W+продольной\W+рабоч[её]й\W+арматуры\W+в\W+колоннах\W+пилонах[^\d;]{0,60}?(-?\d[\d\s]*(?:[.,]\d+)?)",Диаметр продольной (рабочей) арматуры в колоннах/пилонах,,false
M-063,KR-063,КР,Наличие и конструктивное исполнение деформационных швов,,Схема расположения швов (КР),Чертежи узлов температурных швов (КЖ/КМ),Акты АОСР на устройство швов,"Отсутствие, исключение или конструктивное искажение узла шва в РД.",HIGH,,,,,string,,,"(?i)Наличи[её]\W+и\W+конструктивно[её]\W+исполн[её]ни[её]\W+д[её]формационных\W+швов[)»\""”]*(?:\s*[,(][^:;]{0,40})?\s*[:—–]\s*([^;]{1,200})",Наличие и конструктивное исполнение деформационных швов,,false
M-064,KR-064,КР,Привязки и габариты лифтовых шахт,мм,Планы перекрытий; Отверстия (КР),Чертежи лифтовых шахт; Закладные (КЖ),Исполнительная геодезическая схема шахт,Сужение шахты или смещение закладных элементов в РД (риск монтажа лифта).,HIGH,,,,,number,,,"(?i)Привязки\W+и\W+габариты\W+лифтовых\W+шахт[^\d;]{0,60}?(-?\d[\d\s]*(?:[.,]\d+)?)",Привязки и габариты лифтовых шахт,,false
M-065,KR-065,КР,Схемы расположения и площади технологических проемов,м²,Планы перекрытий; Отверстия (КР),Чертежи планов перекрытий; Закладные (КЖ),Исполнительная схема шахт,Самовольная заделка крупных проемов в РД без обрамляющего армирования.,HIGH,,,,,number,,,"(?i)Сх[её]мы\W+располож[её]ния\W+и\W+площади\W+т[её]хнологич[её]ских\W+про[её]мов[^\d;]{0,60}?(-?\d[\d\s]*(?:[.,]\d+)?)",Схемы расположения и площади технологических проемов,,false
M-066,KR-066,КР,Антикоррозионная и огнезащитная обработка конструкций,Марка / Толщина,Требования к защите (КР),Спецификация; Указания по защите (КЖ/КМ),Акты АОСР на нанесение; Паспорта составов; Замеры слоя,Замена состава на менее огнестойкий (снижение предела REI).,HIGH,,,,,string,,,"(?i)Антикоррозионная\W+и\W+огн[её]защитная\W+обработка\W+конструкций[)»\""”]*(?:\s*[,(][^:;]{0,40})?\s*[:—–]\s*([^;]{1,200})",Антикоррозионная и огнезащитная обработка конструкций,,false
M-067,KR-067,КР,"Ведомости расхода материалов (бетон, сталь)",м³ / т,Сводные таблицы расхода (КР),Ведомости расхода стали (ВРС) (КЖ/КМ),Общий журнал работ; Реестр накладных КС-2,"Итоговое расхождение объемов материалов между ПД, РД и ИД > 2%.",MEDIUM,,,,,string,,,"(?i)В[её]домости\W+расхода\W+мат[её]риалов\W+б[её]тон\W+сталь[)»\""”]*(?:\s*[,(][^:;]{0,40})?\s*[:—–]\s*([^;]{1,200})","Ведомости расхода материалов (бетон, сталь)",,false
M-068,IOS1-068,ИОС1,Номинальная аппаратная защита ВРУ/ГРЩ,А (Ампер),Принципиальные схемы сетей (ИОС1),Схемы ВРУ/ГРЩ; Номиналы автоматов (ЭОМ),Технические паспорта щитов; Акты ПНР,Занижение или завышение токов уставки в РД (риск пожара или ложных отключений).,HIGH,,,,,number,,,"(?i)Номинальная\W+аппаратная\W+защита\W+ВРУ\W+ГРЩ[^\d;]{0,60}?(-?\d[\d\s]*(?:[.,]\d+)?)",Номинальная аппаратная защита ВРУ/ГРЩ,,false
M-069,IOS1-069,ИОС1,Сечение жил и маркировка распределительных кабелей,мм²,Схемы распределительных сетей; Спецификация (ИОС1),Кабельные журналы; Поэтажные планы (ЭОМ/ЭМ),Акты АОСР на прокладку; Протоколы изоляции,"Занижение сечения кабелей или подмена негорючих марок (например, FRLS на обычный LS).",HIGH,,,,,number,,,"(?i)С[её]ч[её]ни[её]\W+жил\W+и\W+маркировка\W+распр[её]д[её]лит[её]льных\W+каб[её]л[её]й[^\d;]{0,60}?(-?\d[\d\s]*(?:[.,]\d+)?)",Сечение жил и маркировка распределительных кабелей,,false
M-070,IOS1-070,ИОС1,Параметры и контуры заземления и молниезащиты,Ом / мм²,Схемы контуров заземления (ИОС1),Расходные схемы; Схемы заземления (ЭГ/ЭМ),Акты АОСР на заземление; Протоколы сопротивления,Уменьшение количества заземлителей или исключение элементов молниезащиты в РД.,HIGH,,,,,string,,,"(?i)Парам[её]тры\W+и\W+контуры\W+заз[её]мл[её]ния\W+и\W+молни[её]защиты[)»\""”]*(?:\s*[,(][^:;]{0,40})?\s*[:—–]\s*([^;]{1,200})",Параметры и контуры заземления и молниезащиты,,false
M-071,IOS2-071,ИОС2,Диаметры стояков и разводящих трубопроводов В1/Т3,мм,Принципиальные схемы ХВС/ГВС (ИОС2),Планы разводки; Аксонометрия; Спецификация труб (ВК),Исполнительные схемы В1/Т3 (с диаметрами),Уменьшение диаметров стояков или магистралей ХВС/ГВС в РД/ИД.,HIGH,,,,,number,,,"(?i)Диам[её]тры\W+стояков\W+и\W+разводящих\W+трубопроводов\W+В1\W+Т3[^\d;]{0,60}?(-?\d[\d\s]*(?:[.,]\d+)?)",Диаметры стояков и разводящих трубопроводов В1/Т3,,false
M-072,IOS2-072,ИОС2,Материал и класс давления напорных труб В1/Т3,Марка,Спецификация материалов (ИОС2),Спецификация оборудования (ВК),Паспорта и сертификаты на трубы,Подмена оцинкованных/чугунных труб на полипропилен без перерасчета расширения.,MEDIUM,,,,,string,,,"(?i)Мат[её]риал\W+и\W+класс\W+давл[её]ния\W+напорных\W+труб\W+В1\W+Т3[)»\""”]*(?:\s*[,(][^:;]{0,40})?\s*[:—–]\s*([^;]{1,200})",Материал и класс давления напорных труб В1/Т3,,false
M-073,IOS2-073,ИОС2,Характеристики насосных станций хоз-питьевого водоснабжения,м³/ч / м / кВт,Схемы насосных станций; Параметры (ИОС2),Чертежи насосных станций; Спецификация (ВК),Технические паспорта; Акты индивидуальных испытаний,Занижение рабочих параметров закупаемого насосного оборудования в РД.,HIGH,,,,,string,,,"(?i)Характ[её]ристики\W+насосных\W+станций\W+хоз\W+пить[её]вого\W+водоснабж[её]ния[)»\""”]*(?:\s*[,(][^:;]{0,40})?\s*[:—–]\s*([^;]{1,200})",Характеристики насосных станций хоз-питьевого водоснабжения,,false
M-074,IOS3-074,ИОС3,Диаметры выпусков и магистралей К1/К2,мм,Принципиальные схемы канализации (ИОС3),Планы подвала; Аксонометрия К1/К2 (ВК),Исполнительные схемы К1/К2 (диаметры),Уменьшение диаметров выпусков канализации из здания в РД (риск засоров).,HIGH,,,,,number,,,"(?i)Диам[её]тры\W+выпусков\W+и\W+магистрал[её]й\W+К1\W+К2[^\d;]{0,60}?(-?\d[\d\s]*(?:[.,]\d+)?)",Диаметры выпусков и магистралей К1/К2,,false
M-075,IOS3-075,ИОС3,Материал и тип канализационных труб и фасонных частей,Марка,Спецификация материалов (ИОС3),Спецификация оборудования (ВК/НВК),Сертификаты; Накладные на трубы,Самовольная замена малошумных или чугунных труб на тонкостенный ПВХ.,MEDIUM,,,,,string,,,"(?i)Мат[её]риал\W+и\W+тип\W+канализационных\W+труб\W+и\W+фасонных\W+част[её]й[)»\""”]*(?:\s*[,(][^:;]{0,40})?\s*[:—–]\s*([^;]{1,200})",Материал и тип канализационных труб и фасонных частей,,false
M-076,IOS4-076,ИОС4,"Диаметры магистралей и стояков отопления (Т1, Т2)",мм,Принципиальные схемы отопления (ИОС4),Поэтажные планы; Аксонометрия; Спецификация (ОВ),Исполнительные схемы отопления (диаметры),"Изменение диаметров Т1/Т2, нарушающее гидравлическую увязку системы.",HIGH,,,,,number,,,"(?i)Диам[её]тры\W+магистрал[её]й\W+и\W+стояков\W+отопл[её]ния\W+Т1\W+Т2[^\d;]{0,60}?(-?\d[\d\s]*(?:[.,]\d+)?)","Диаметры магистралей и стояков отопления (Т1, Т2)",,false
M-077,IOS4-077,ИОС4,Технические параметры отопительных приборов (радиаторов),Вт / шт.,Спецификация оборудования; Типы радиаторов (ИОС4),Спецификация оборудования (ОВ),Паспорта на радиаторы; Акты тепловых испытаний,Сокращение количества секций или замена на модели с меньшей теплоотдачей.,HIGH,,,,,string,,,"(?i)Т[её]хнич[её]ски[её]\W+парам[её]тры\W+отопит[её]льных\W+приборов\W+радиаторов[)»\""”]*(?:\s*[,(][^:;]{0,40})?\s*[:—–]\s*([^;]{1,200})",Технические параметры отопительных приборов (радиаторов),,false
M-078,IOS4-078,ИОС4,Сечения и геометрия воздуховодов общеобменной вентиляции,мм²,Принципиальные схемы вентиляции (ИОС4),Поэтажные планы; Разрезы; Спецификация (ОВ),Исполнительные схемы вентиляции (геометрия коробов),"Уменьшение площади сечения воздуховода в РД (падение объема воздуха, рост шума).",HIGH,,,,,number,,,"(?i)С[её]ч[её]ния\W+и\W+г[её]ом[её]трия\W+воздуховодов\W+общ[её]обм[её]нной\W+в[её]нтиляции[^\d;]{0,60}?(-?\d[\d\s]*(?:[.,]\d+)?)",Сечения и геометрия воздуховодов общеобменной вентиляции,,false
M-079,IOS4-079,ИОС4,Характеристики вентиляторов общеобменной вентиляции,м³/ч / Па / кВт,Спецификация; Мощность вентиляторов (ИОС4),Таблицы систем; Спецификация (ОВ),Технические паспорта; Паспорта вентсистем,Подмена установок на аналоги с меньшей кратностью воздухообмена.,HIGH,,,,,string,,,"(?i)Характ[её]ристики\W+в[её]нтиляторов\W+общ[её]обм[её]нной\W+в[её]нтиляции[)»\""”]*(?:\s*[,(][^:;]{0,40})?\s*[:—–]\s*([^;]{1,200})",Характеристики вентиляторов общеобменной вентиляции,,false
M-080,IOS5-080,ИОС5,Состав и емкость систем пожарной сигнализации (АПС),шт. / зоны,Структурная схема АПС (ИОС5/ППМ),Поэтажные планы; Схемы расстановки (СС/АПС),Паспорта на датчики; Исполнительные схемы шлейфов,Сокращение количества извещателей в РД или нарушение расстояний между ними.,HIGH,,,,,string,,,"(?i)Состав\W+и\W+[её]мкость\W+сист[её]м\W+пожарной\W+сигнализации\W+АПС[)»\""”]*(?:\s*[,(][^:;]{0,40})?\s*[:—–]\s*([^;]{1,200})",Состав и емкость систем пожарной сигнализации (АПС),,false
M-081,POS-081,ПОС,Границы опасных зон работы грузоподъемных кранов,м,Строительный генплан; Радиусы (ПОС),Строительный план; Расчетные зоны (ППР),Общий журнал работ; Разбивка ограждений (ОКР),Выход опасной зоны работы стрелы крана за границы участка или на жилые здания.,HIGH,,,,,number,,,"(?i)Границы\W+опасных\W+зон\W+работы\W+грузоподъ[её]мных\W+кранов[^\d;]{0,60}?(-?\d[\d\s]*(?:[.,]\d+)?)",Границы опасных зон работы грузоподъемных кранов,,false
M-082,POS-082,ПОС,Продолжительность этапов строительства (Календарный график),дни,Текст ПОС; Нормативный срок; Календарный план,Укрупненный график СМР (ППР),Общий журнал работ (даты начала/окончания этапов),Превышение продолжительности критического этапа в графике РД > 10%.,MEDIUM,,,,,number,,,"(?i)Продолжит[её]льность\W+этапов\W+строит[её]льства\W+Кал[её]ндарный\W+график[^\d;]{0,60}?(-?\d[\d\s]*(?:[.,]\d+)?)",Продолжительность этапов строительства (Календарный график),,false
M-083,POS-083,ПОС,Посадка и габариты временных зданий и сооружений,м,Экспликация временных зданий (ПОС),Строительный план (ППР),Исполнительная геодезическая съемка (расположение),Размещение бытовок в охранных зонах сетей или с нарушением пожарных разрывов.,HIGH,,,,,number,,,"(?i)Посадка\W+и\W+габариты\W+вр[её]м[её]нных\W+зданий\W+и\W+сооруж[её]ний[^\d;]{0,60}?(-?\d[\d\s]*(?:[.,]\d+)?)",Посадка и габариты временных зданий и сооружений,,false
M-084,POS-084,ПОС,Схемы движения и ширина временных автодорог,м,Строительный генплан; Ширина проездов (ПОС),Схемы движения транспорта (ППР),Исполнительная съемка дорог (фактические обмеры),Сужение временных дорог < 3.5-4.5 м (нарушение ПОС).,MEDIUM,,,,,number,,,"(?i)Сх[её]мы\W+движ[её]ния\W+и\W+ширина\W+вр[её]м[её]нных\W+автодорог[^\d;]{0,60}?(-?\d[\d\s]*(?:[.,]\d+)?)",Схемы движения и ширина временных автодорог,,false
M-085,POS-085,ПОС,Места размещения площадок складирования материалов,,Строительный генплан; Зоны складирования (ПОС),Зоны складирования (ППР),Общий журнал работ; Фотофиксация (ОКР),Размещение тяжелых конструкций в зоне откосов котлована или на непредусмотренных перекрытиях.,HIGH,,,,,string,,,"(?i)М[её]ста\W+разм[её]щ[её]ния\W+площадок\W+складирования\W+мат[её]риалов[)»\""”]*(?:\s*[,(][^:;]{0,40})?\s*[:—–]\s*([^;]{1,200})",Места размещения площадок складирования материалов,,false
M-086,POS-086,ПОС,Потребность в кадрах (Максимальная численность),чел.,Расчет движения рабочей силы (ПОС),График движения рабочих (ППР),Журнал инструктажей; Данные ККУД на КПП,Превышение пиковой численности персонала в РД над вместимостью бытового городка.,MEDIUM,,,,,number,,,"(?i)Потр[её]бность\W+в\W+кадрах\W+Максимальная\W+числ[её]нность[^\d;]{0,60}?(-?\d[\d\s]*(?:[.,]\d+)?)",Потребность в кадрах (Максимальная численность),,false
M-087,POS-087,ПОС,Технологическая последовательность возведения,,Текст ПОС: Методы производства работ,Технологические карты (ППР),Общий журнал работ (записи о ходе работ),"Самовольное изменение критических технологий (например, монолит на сборный ЖБ).",HIGH,,,,,string,,,"(?i)Т[её]хнологич[её]ская\W+посл[её]доват[её]льность\W+возв[её]д[её]ния[)»\""”]*(?:\s*[,(][^:;]{0,40})?\s*[:—–]\s*([^;]{1,200})",Технологическая последовательность возведения,,false
M-088,POS-088,ПОС,Точки подключения и мощности временных ресурсов,кВт / м³,Текст и графика ПОС: Потребители ресурсов,Рабочие схемы временных сетей (ППР),Договоры на техприсоединение; Акты балансового разграничения,Превышение запрашиваемой мощности для строймашин над лимитом ПОС.,MEDIUM,,,,,string,,,"(?i)Точки\W+подключ[её]ния\W+и\W+мощности\W+вр[её]м[её]нных\W+р[её]сурсов[)»\""”]*(?:\s*[,(][^:;]{0,40})?\s*[:—–]\s*([^;]{1,200})",Точки подключения и мощности временных ресурсов,,false
M-089,POS-089,ПОС,Расположение пунктов мойки колес и выездов,,Строительный генплан; Посты очистки (ПОС),Схемы организации выездов (ППР),Акты АОСР на устройство выезда; Мойки,Отсутствие или перенос пункта мойки колес в зону без оборотного водоснабжения.,MEDIUM,,,,,string,,,"(?i)Располож[её]ни[её]\W+пунктов\W+мойки\W+кол[её]с\W+и\W+вы[её]здов[)»\""”]*(?:\s*[,(][^:;]{0,40})?\s*[:—–]\s*([^;]{1,200})",Расположение пунктов мойки колес и выездов,,false
M-090,POD-090,ПОД,Границы опасных зон развала и обрушения конструкций,м,План сноса; Расчетные зоны (ПОД),Строительный план демонтажа (ППР),Общий журнал работ; Разбивка ограждений (ОКР),Выход зоны развала в ППР за границы участка или на пешеходные зоны.,HIGH,,,,,number,,,"(?i)Границы\W+опасных\W+зон\W+развала\W+и\W+обруш[её]ния\W+конструкций[^\d;]{0,60}?(-?\d[\d\s]*(?:[.,]\d+)?)",Границы опасных зон развала и обрушения конструкций,,false
M-091,POD-091,ПОД,Методы и технологическая последовательность демонтажа,,Текст ПОД: Описание методов,Технологические карты на разборку (ППР),Общий журнал работ (фактические технологии),"Самовольное изменение метода (например, с плазменного на обрушение экскаватором).",HIGH,,,,,string,,,"(?i)М[её]тоды\W+и\W+т[её]хнологич[её]ская\W+посл[её]доват[её]льность\W+д[её]монтажа[)»\""”]*(?:\s*[,(][^:;]{0,40})?\s*[:—–]\s*([^;]{1,200})",Методы и технологическая последовательность демонтажа,,false
M-092,POD-092,ПОД,Мероприятия по защите действующих коммуникаций,,Схемы защитных коробок (ПОД),Чертежи защитных сооружений (ППР),Акты АОСР на устройство защитных ограждений,Отсутствие в ППР защитных мероприятий для сетей в зоне работы техники.,HIGH,,,,,string,,,"(?i)М[её]роприятия\W+по\W+защит[её]\W+д[её]йствующих\W+коммуникаций[)»\""”]*(?:\s*[,(][^:;]{0,40})?\s*[:—–]\s*([^;]{1,200})",Мероприятия по защите действующих коммуникаций,,false
M-093,POD-093,ПОД,Общие объемы демонтируемых конструкций (по типам),м³,Сводная ведомость объемов демонтажа (ПОД),Спецификации и ведомости (ППР),Акт обследования площадки; Реестр фактически демонтированных,Расхождение объемов лома между ПД и РД/ИД > 5%.,MEDIUM,,,,,number,,,"(?i)Общи[её]\W+объ[её]мы\W+д[её]монтиру[её]мых\W+конструкций\W+по\W+типам[^\d;]{0,60}?(-?\d[\d\s]*(?:[.,]\d+)?)",Общие объемы демонтируемых конструкций (по типам),,false
M-094,POD-094,ПОД,Масса и класс опасности образующихся отходов,т / Класс,Расчет объемов и классов опасности (ПОД),Регламенты по отходам (ППР),Справки об утилизации; Талоны с полигонов,Превышение объемов опасных отходов в ИД или занижение класса опасности.,MEDIUM,,,,,string,,,"(?i)Масса\W+и\W+класс\W+опасности\W+образующихся\W+отходов[)»\""”]*(?:\s*[,(][^:;]{0,40})?\s*[:—–]\s*([^;]{1,200})",Масса и класс опасности образующихся отходов,,false
M-095,POD-095,ПОД,Мероприятия по пылеподавлению и снижению шума,,Текст ПОД: Требования к орошению/экранам,Технологические карты; Места водных пушек (ППР),Журнал производственного экоконтроля (замеры шума/пыли),Отсутствие систем гидроорошения или защитных экранов в РД при демонтаже стен.,MEDIUM,,,,,string,,,"(?i)М[её]роприятия\W+по\W+пыл[её]подавл[её]нию\W+и\W+сниж[её]нию\W+шума[)»\""”]*(?:\s*[,(][^:;]{0,40})?\s*[:—–]\s*([^;]{1,200})",Мероприятия по пылеподавлению и снижению шума,,false
M-096,POD-096,ПОД,Узлы временного расчленения сохраняемых конструкций,,Чертежи временных подпорок (ПОД),Детальные узлы крепелей; Спецификация (КР/ППР),Акты АОСР на устройство креплений; Фотофиксация,Занижение сечений элементов расчленения в РД; отсутствие актов монтажа.,HIGH,,,,,string,,,"(?i)Узлы\W+вр[её]м[её]нного\W+расчл[её]н[её]ния\W+сохраня[её]мых\W+конструкций[)»\""”]*(?:\s*[,(][^:;]{0,40})?\s*[:—–]\s*([^;]{1,200})",Узлы временного расчленения сохраняемых конструкций,,false
M-097,POD-097,ПОД,Места и габариты площадок временного складирования лома,м²,Строительный генплан демонтажа (ПОД),Зоны накопления бункера (ППР),Исполнительная схема площадки; Записи в ОКР,Складирование тяжелого мусора на бровке котлована или над действующими сетями.,HIGH,,,,,number,,,"(?i)М[её]ста\W+и\W+габариты\W+площадок\W+вр[её]м[её]нного\W+складирования\W+лома[^\d;]{0,60}?(-?\d[\d\s]*(?:[.,]\d+)?)",Места и габариты площадок временного складирования лома,,false
M-098,OOS-098,ООС,"Регистрация лимитов в АИС ""ОСИГ""",Статус,Проектные ТЭП отходов (ООС),Технологический регламент (ТРПО),"Электронный паспорт в АИС ""ОСИГ""",Начало земляных/демонтажных работ без открытого разрешения на перемещение ОСС.,HIGH,,,,,string,,,"(?i)Р[её]гистрация\W+лимитов\W+в\W+АИС\W+ОСИГ[)»\""”]*(?:\s*[,(][^:;]{0,40})?\s*[:—–]\s*([^;]{1,200})","Регистрация лимитов в АИС ""ОСИГ""",,false
M-099,OOS-099,ООС,Верфикация транспортных средств (ГЛОНАСС),Статус,Мероприятия по эко-транспортировке (ООС),Перечень спецтехники (ТРПО),"Логи РНИС; Телеметрия в АИС ""ОСИГ""",Рейс самосвала без ГЛОНАСС-трекера или не зарегистрированного в РНИС.,HIGH,,,,,string,,,"(?i)В[её]рфикация\W+транспортных\W+ср[её]дств\W+ГЛОНАСС[)»\""”]*(?:\s*[,(][^:;]{0,40})?\s*[:—–]\s*([^;]{1,200})",Верфикация транспортных средств (ГЛОНАСС),,false
M-100,OOS-100,ООС,Фиксация рейсов через мобильный КПТС,Статус,Требования к весовому контролю (ООС),Места размещения постов КПП (ППР),"Лог-данные ""Мобильный КПТС""","Выезд самосвала с отходами без генерации QR-кода в ""Мобильном КПТС"".",HIGH,,,,,string,,,"(?i)Фиксация\W+р[её]йсов\W+ч[её]р[её]з\W+мобильный\W+КПТС[)»\""”]*(?:\s*[,(][^:;]{0,40})?\s*[:—–]\s*([^;]{1,200})",Фиксация рейсов через мобильный КПТС,,false
M-101,OOS-101,ООС,Сверка легитимности полной утилизации,Статус,Перечень конечных объектов (КПО/полигоны) (ООС),Договоры с полигонами (ТРПО),Электронные отметки полигона; ГРОО,"Выгрузка отходов на полигон, не входящий в ТРПО или без лицензии ГРОО.",HIGH,,,,,string,,,"(?i)Св[её]рка\W+л[её]гитимности\W+полной\W+утилизации[)»\""”]*(?:\s*[,(][^:;]{0,40})?\s*[:—–]\s*([^;]{1,200})",Сверка легитимности полной утилизации,,false
M-102,PPM-102,ППМ,Деление здания на пожарные отсеки,,Схемы деления на отсеки; Площади (ППМ),Кладочные планы; Маркировка отсеков (АР/КР),Исполнительные схемы конструкций,Нарушение непрерывности противопожарных стен в РД/ИД; увеличение площади отсека.,HIGH,,,,,string,,,"(?i)Д[её]л[её]ни[её]\W+здания\W+на\W+пожарны[её]\W+отс[её]ки[)»\""”]*(?:\s*[,(][^:;]{0,40})?\s*[:—–]\s*([^;]{1,200})",Деление здания на пожарные отсеки,,false
M-103,PPM-103,ППМ,Пределы огнестойкости противопожарных дверей и ворот (EI),мин,Ведомость проемов в преградах (ППМ),Спецификация дверей; Маркировка EI (АР),Сертификаты на двери; Акты монтажа,"Снижение предела огнестойкости (например, EI-60 на EI-30) в РД.",HIGH,,,,,number,,,"(?i)Пр[её]д[её]лы\W+огн[её]стойкости\W+противопожарных\W+дв[её]р[её]й\W+и\W+ворот\W+EI[^\d;]{0,60}?(-?\d[\d\s]*(?:[.,]\d+)?)",Пределы огнестойкости противопожарных дверей и ворот (EI),,false
M-104,PPM-104,ППМ,Ширина и высота эвакуационных проходов,м,Расчет путей эвакуации (ППМ),Кладочные планы; Линейные размеры (АР),Исполнительная схема поэтажных планов (обмеры),Сужение коридоров < 1.2 м (СП 1.13130).,HIGH,,,,,number,,,"(?i)Ширина\W+и\W+высота\W+эвакуационных\W+проходов[^\d;]{0,60}?(-?\d[\d\s]*(?:[.,]\d+)?)",Ширина и высота эвакуационных проходов,,false
M-105,PPM-105,ППМ,Ширина эвакуационных дверей наружных выходов,м,Планы эвакуации (ППМ),Спецификация дверей; Детальные чертежи (АР),Паспорта на двери; Акты АОСР; Фактические обмеры,Ширина дверного полотна в РД/ИД < 0.9 м.,HIGH,,,,,number,,,"(?i)Ширина\W+эвакуационных\W+дв[её]р[её]й\W+наружных\W+выходов[^\d;]{0,60}?(-?\d[\d\s]*(?:[.,]\d+)?)",Ширина эвакуационных дверей наружных выходов,,false
M-106,PPM-106,ППМ,Направление открывания дверей на путях эвакуации,,Схемы направления движения (ППМ),Рабочие планы этажей (АР),Акты проверки систем ПЗ; Фотофиксация,Дверь открывается внутрь или блокирует смежный поток эвакуации.,HIGH,,,,,string,,,"(?i)Направл[её]ни[её]\W+открывания\W+дв[её]р[её]й\W+на\W+путях\W+эвакуации[)»\""”]*(?:\s*[,(][^:;]{0,40})?\s*[:—–]\s*([^;]{1,200})",Направление открывания дверей на путях эвакуации,,false
M-107,PPM-107,ППМ,Класс пожарной опасности отделочных материалов,Класс (КМ),Требования к отделке стен/полов (ППМ),Ведомости отделки (АР),Сертификаты; Пожарные декларации,Подмена КМ0/КМ1 на КМ3 на путях эвакуации в РД/ИД.,HIGH,,,,,enum,,,"(?i)Класс\W+пожарной\W+опасности\W+отд[её]лочных\W+мат[её]риалов[)»\""”]*(?:\s*[,(][^:;]{0,40})?\s*[:—–]\s*([^;]{1,200})",Класс пожарной опасности отделочных материалов,КМ5|КМ4|КМ3|КМ2|КМ1|КМ0,false
M-108,PPM-108,ППМ,Количество и расстановка извещателей АПС,шт. / м,Структурная схема АПС; Зоны контроля (ППМ/ИОС),Поэтажные планы; Расстановка датчиков (СС/АПС),Паспорта на датчики; Исполнительные схемы шлейфов,Сокращение количества датчиков в РД или нарушение расстояний между ними.,HIGH,,,,,string,,,"(?i)Колич[её]ство\W+и\W+расстановка\W+изв[её]щат[её]л[её]й\W+АПС[)»\""”]*(?:\s*[,(][^:;]{0,40})?\s*[:—–]\s*([^;]{1,200})",Количество и расстановка извещателей АПС,,false
M-109,PPM-109,ППМ,Пожарная маркировка кабелей систем ПЗ (СПЗ),Марка,Требования к живучести кабелей (ППМ),Кабельные журналы; Спецификации (ЭОМ/АПС),Сертификаты на кабели; Акты АОСР на прокладку,"Применение кабеля без индекса огнестойкости (например, замена FRLS на обычный LS).",HIGH,,,,,string,,,"(?i)Пожарная\W+маркировка\W+каб[её]л[её]й\W+сист[её]м\W+ПЗ\W+СПЗ[)»\""”]*(?:\s*[,(][^:;]{0,40})?\s*[:—–]\s*([^;]{1,200})",Пожарная маркировка кабелей систем ПЗ (СПЗ),,false
M-110,PPM-110,ППМ,Количество и расстановка оповещателей СОУЭ,шт.,Требования к типу СОУЭ (ППМ),Поэтажные планы; Расстановка (СС/СОУЭ),Исполнительные схемы СОУЭ; Акт тестирования звука,"Сокращение количества динамиков; отсутствие табло ""Выход"" на путях эвакуации.",HIGH,,,,,number,,,"(?i)Колич[её]ство\W+и\W+расстановка\W+опов[её]щат[её]л[её]й\W+СОУЭ[^\d;]{0,60}?(-?\d[\d\s]*(?:[.,]\d+)?)",Количество и расстановка оповещателей СОУЭ,,false
M-111,PPM-111,ППМ,Расположение и пределы огнестойкости клапанов (ОЗК),мин (EI),Схемы вентиляции с ОЗК (ППМ/ИОС),Планы разводки; Маркировка клапанов (ОВ),Паспорта на клапаны; Акты монтажа ОЗК,Отсутствие ОЗК в местах пересечения воздуховодами противопожарных преград в РД.,HIGH,,,,,number,,,"(?i)Располож[её]ни[её]\W+и\W+пр[её]д[её]лы\W+огн[её]стойкости\W+клапанов\W+ОЗК[^\d;]{0,60}?(-?\d[\d\s]*(?:[.,]\d+)?)",Расположение и пределы огнестойкости клапанов (ОЗК),,false
M-112,PPM-112,ППМ,Производительность вентиляторов ДУ и подпора воздуха,м³/ч / Па,Расчетные расходы ДУ (ППМ/ИОС),Таблицы систем; Спецификация (ОВ),Технические паспорта; Акты аэродинамических испытаний,Занижение производительности или давления вентиляторов ДУ в РД.,HIGH,,,,,string,,,"(?i)Производит[её]льность\W+в[её]нтиляторов\W+ДУ\W+и\W+подпора\W+воздуха[)»\""”]*(?:\s*[,(][^:;]{0,40})?\s*[:—–]\s*([^;]{1,200})",Производительность вентиляторов ДУ и подпора воздуха,,false
M-113,PPM-113,ППМ,Расход воды и количество струй внутреннего пожаротушения (ВПВ),л/с / шт.,Расчет расхода на ВПВ (ППМ),Планы сети ВПВ; Аксонометрия (ВК),Исполнительные схемы ВПВ; Акты испытаний на водоотдачу,Уменьшение диаметра кольцевого трубопровода ВПВ; сокращение количества кранов.,HIGH,,,,,string,,,"(?i)Расход\W+воды\W+и\W+колич[её]ство\W+струй\W+внутр[её]нн[её]го\W+пожаротуш[её]ния\W+ВПВ[)»\""”]*(?:\s*[,(][^:;]{0,40})?\s*[:—–]\s*([^;]{1,200})",Расход воды и количество струй внутреннего пожаротушения (ВПВ),,false
M-114,PPM-114,ППМ,Расход воды на наружное пожаротушение (НПВ),л/с,Расчетный расход НПВ (ППМ),Схемы расстановки ПГ (НВК),Акты проверки ПГ на водоотдачу,Радиус действия ПГ на чертеже РД не покрывает наиболее удаленную точку здания.,HIGH,,,,,number,,,"(?i)Расход\W+воды\W+на\W+наружно[её]\W+пожаротуш[её]ни[её]\W+НПВ[^\d;]{0,60}?(-?\d[\d\s]*(?:[.,]\d+)?)",Расход воды на наружное пожаротушение (НПВ),,false
M-115,ODI-115,ОДИ,Технические параметры и наличие инвалидных подъемников,,Структурные схемы ОДИ; Спецификация,Чертежи установки подъемников (АР/ТХ),Технические паспорта; Декларации; Акты ПНР,Исключение подъемника из РД или замена на модель без автоматического управления.,HIGH,,,,,string,,,"(?i)Т[её]хнич[её]ски[её]\W+парам[её]тры\W+и\W+наличи[её]\W+инвалидных\W+подъ[её]мников[)»\""”]*(?:\s*[,(][^:;]{0,40})?\s*[:—–]\s*([^;]{1,200})",Технические параметры и наличие инвалидных подъемников,,false
M-116,ODI-116,ОДИ,Ширина коридоров на путях движения МГН,м,Планы этажей; Пути движения (ОДИ),Кладочные планы; Линейные размеры (АР),Исполнительная схема поэтажных планов (обмеры),Сужение коридоров < 1.5-1.8 м (СП 59.13330).,HIGH,,,,,number,,,"(?i)Ширина\W+коридоров\W+на\W+путях\W+движ[её]ния\W+МГН[^\d;]{0,60}?(-?\d[\d\s]*(?:[.,]\d+)?)",Ширина коридоров на путях движения МГН,,false
M-117,ODI-117,ОДИ,Ширина дверных проемов на путях движения МГН,м,Ведомость заполнения проемов (ОДИ/АР),Спецификация дверей; Маркировка МГН (АР),Паспорта на двери; Фактические обмеры,Ширина полотна двери в свету < 1.5 м (СП 59.13330).,HIGH,,,,,number,,,"(?i)Ширина\W+дв[её]рных\W+про[её]мов\W+на\W+путях\W+движ[её]ния\W+МГН[^\d;]{0,60}?(-?\d[\d\s]*(?:[.,]\d+)?)",Ширина дверных проемов на путях движения МГН,,false
M-118,ODI-118,ОДИ,Высота порогов в дверных проемах на путях МГН,м,Текст ОДИ; Детали проемов,Детальные узлы сопряжения полов (АР),Акты АОСР на устройство полов (фактические замеры),Высота порога > 0.014 м (СП 59.13330).,MEDIUM,,,,,number,,,"(?i)Высота\W+порогов\W+в\W+дв[её]рных\W+про[её]мах\W+на\W+путях\W+МГН[^\d;]{0,60}?(-?\d[\d\s]*(?:[.,]\d+)?)",Высота порогов в дверных проемах на путях МГН,,false
M-119,ODI-119,ОДИ,Габариты и планировка санузлов для инвалидов (универсальные кабины),м² / м,Чертежи планировки санузлов (ОДИ),Детальные чертежи санузлов (АР/ВК),Исполнительная схема санузлов (обмеры и привязки),Внутренние размеры универсальной кабины в РД/ИД < 1.5 м (СП 59.13330).,HIGH,,,,,string,,,"(?i)Габариты\W+и\W+планировка\W+санузлов\W+для\W+инвалидов\W+унив[её]рсальны[её]\W+кабины[)»\""”]*(?:\s*[,(][^:;]{0,40})?\s*[:—–]\s*([^;]{1,200})",Габариты и планировка санузлов для инвалидов (универсальные кабины),,false
M-120,ODI-120,ОДИ,Спецификация опорных стационарных и откидных поручней,шт.,Схемы оснащения поручнями (ОДИ),Детальные чертежи санузлов; Спецификация (АР),Паспорта на поручни; Акты АОСР на монтаж,Отсутствие в РД откидных и стационарных поручней в санузлах для инвалидов.,HIGH,,,,,number,,,"(?i)Сп[её]цификация\W+опорных\W+стационарных\W+и\W+откидных\W+поручн[её]й[^\d;]{0,60}?(-?\d[\d\s]*(?:[.,]\d+)?)",Спецификация опорных стационарных и откидных поручней,,false
M-121,ODI-121,ОДИ,Количество и габариты парковочных мест для инвалидов,шт. / м,Схема парковочных зон (ОДИ/СПЗУ),План благоустройства; Разметка (ПП),Исполнительная схема разметки,Сокращение количества мест для инвалидов; уменьшение ширины места < 3.5 м.,HIGH,,,,,string,,,"(?i)Колич[её]ство\W+и\W+габариты\W+парковочных\W+м[её]ст\W+для\W+инвалидов[)»\""”]*(?:\s*[,(][^:;]{0,40})?\s*[:—–]\s*([^;]{1,200})",Количество и габариты парковочных мест для инвалидов,,false
M-122,ODI-122,ОДИ,Наличие и расстановка тактильно-контрастных указателей,,Планы этажей и территории (ОДИ),Планы покрытий; Планы полов (ГП/АР),Акты АОСР на устройство полов; Исполнительные схемы,Отсутствие в РД предупреждающих тактильных полос перед лестницами и дверями.,MEDIUM,,,,,string,,,"(?i)Наличи[её]\W+и\W+расстановка\W+тактильно\W+контрастных\W+указат[её]л[её]й[)»\""”]*(?:\s*[,(][^:;]{0,40})?\s*[:—–]\s*([^;]{1,200})",Наличие и расстановка тактильно-контрастных указателей,,false
M-123,ODI-123,ОДИ,Состав систем двухсторонней связи и вызова помощника,,Структурные схемы СС/ОДИ,Планы кабельных сетей; Спецификация (СС),Паспорта на оборудование; Акты ПНР,Отсутствие в РД кнопок вызова персонала в санузлах или на входе в здание.,HIGH,,,,,string,,,"(?i)Состав\W+сист[её]м\W+двухсторонн[её]й\W+связи\W+и\W+вызова\W+помощника[)»\""”]*(?:\s*[,(][^:;]{0,40})?\s*[:—–]\s*([^;]{1,200})",Состав систем двухсторонней связи и вызова помощника,,false
M-124,ZU-124,ЗУ,Класс энергетической эффективности здания,Буква,Энергетический паспорт (ЗУ),"Лист ""Общие данные""; Маркировка класса (АР/ОВ)",Фактический энергопаспорт (по замерам),Снижение проектного класса энергоэффективности в РД/ИД.,HIGH,,,,,enum,,,"(?i:класс(?:е)?\s+энерг(?:етической\s+|о)эффективности)(?:\s+(?i:здания|объекта|жилого\s+дома|дома))?\s*(?:[:—–-]\s*)?[«\""']?([A-GАВСЕ]\+{0,2})(?![\wА-Яа-яЁё])",класс энергетической эффективности|Класс энергетической эффективности здания,G|F|E|D|C|B|A|A+|A++,false
M-125,ZU-125,ЗУ,Толщина теплоизоляционного слоя наружных стен,мм,Теплоизоляционный расчет; Разрезы стен (ЗУ/АР),Спецификация фасадных систем; Разрезы стен (АР),Акты АОСР на утепление; Паспорта на утеплитель,"Уменьшение толщины утеплителя в РД, ведущее к падению сопротивления теплопередаче.",HIGH,,,,,number,,,"(?i)Толщина\W+т[её]плоизоляционного\W+слоя\W+наружных\W+ст[её]н[^\d;]{0,60}?(-?\d[\d\s]*(?:[.,]\d+)?)",Толщина теплоизоляционного слоя наружных стен,,false
M-126,ZU-126,ЗУ,Коэффициент теплопроводности (λ) утеплителя стен,Вт/(м·С),Теплоизоляционный расчет; Марка материала (ЗУ),Спецификация материалов стен; Фасадов (АР),Паспорта качества; Сертификаты на утеплитель,Замена утеплителя на аналог с более высоким коэффициентом теплопроводности.,HIGH,,,,,number,,,"(?i)Коэффици[её]нт\W+т[её]плопроводности\W+λ\W+ут[её]плит[её]ля\W+ст[её]н[^\d;]{0,60}?(-?\d[\d\s]*(?:[.,]\d+)?)",Коэффициент теплопроводности (λ) утеплителя стен,,false
M-127,ZU-127,ЗУ,Коэффициент сопротивления теплопередаче окон (Ro),м²·С/Вт,Требования к светопрозрачным конструкциям (ЗУ),Спецификация окон; Профили/стеклопакеты (АР),Сертификаты; Паспорта на окна,Ухудшение теплозащитных свойств оконных блоков в РД/ИД.,HIGH,,,,,number,,,"(?i)Коэффици[её]нт\W+сопротивл[её]ния\W+т[её]плоп[её]р[её]дач[её]\W+окон\W+Ro[^\d;]{0,60}?(-?\d[\d\s]*(?:[.,]\d+)?)",Коэффициент сопротивления теплопередаче окон (Ro),,false
M-128,ZU-128,ЗУ,Толщина утеплителя чердачных перекрытий / кровли,мм,Теплоизоляционный расчет; Разрезы кровли (ЗУ/АР),План кровли; Детальные узлы (АР),Акты АОСР на устройство кровли; Паспорта качества,Уменьшение проектного слоя кровельного утеплителя в РД.,HIGH,,,,,number,,,"(?i)Толщина\W+ут[её]плит[её]ля\W+ч[её]рдачных\W+п[её]р[её]крытий\W+кровли[^\d;]{0,60}?(-?\d[\d\s]*(?:[.,]\d+)?)",Толщина утеплителя чердачных перекрытий / кровли,,false
M-129,ZU-129,ЗУ,Наличие приборов учета расхода энергоресурсов,шт.,Описание систем учета (ЗУ),Схемы узлов учета (ИОС1/ИОС2/ОВ),Акты допуска приборов; Паспорта счетчиков,"Отсутствие в РД общедомовых/поквартирных счетчиков (электричество, вода, тепло).",MEDIUM,,,,,number,,,"(?i)Наличи[её]\W+приборов\W+уч[её]та\W+расхода\W+эн[её]ргор[её]сурсов[^\d;]{0,60}?(-?\d[\d\s]*(?:[.,]\d+)?)",Наличие приборов учета расхода энергоресурсов,,false
M-130,ZU-130,ЗУ,Установка энергосберегающего осветительного оборудования,,Спецификации светильников (ЗУ/ИОС1),Спецификация оборудования (ЭОМ),Сертификаты; Накладные; Фотофиксация,Замена светодиодных светильников (LED) на люминесцентные или лампы накаливания.,MEDIUM,,,,,string,,,"(?i)Установка\W+эн[её]ргосб[её]р[её]гающ[её]го\W+осв[её]тит[её]льного\W+оборудования[)»\""”]*(?:\s*[,(][^:;]{0,40})?\s*[:—–]\s*([^;]{1,200})",Установка энергосберегающего осветительного оборудования,,false
M-131,ZU-131,ЗУ,Удельный годовой расход тепловой энергии на отопление,кВт·ч/м²,Итоговая таблица Паспорта ЗУ,"Лист ""Общие данные""; Таблица нагрузок (ОВ)",Фактический энергопаспорт,Превышение удельного годового расхода энергии в РД над лимитом из ПД.,HIGH,,,,,number,,,"(?i)Уд[её]льный\W+годовой\W+расход\W+т[её]пловой\W+эн[её]ргии\W+на\W+отопл[её]ни[её][^\d;]{0,60}?(-?\d[\d\s]*(?:[.,]\d+)?)",Удельный годовой расход тепловой энергии на отопление,,false
M-132,SM-132,СМ,Итоговая стоимость по Сводному сметному расчету (ССР),тыс. руб.,Сводный сметный расчет (Главы 1-12) (СМ),Сводная объектная смета (на основании РД),Справка о стоимости выполненных работ (КС-3),Превышение итоговой стоимости строительства в РД/ИД над утвержденной ПД > 5%.,MEDIUM,,,,,number,,,"(?i)Итоговая\W+стоимость\W+по\W+Сводному\W+см[её]тному\W+расч[её]ту\W+ССР[^\d;]{0,60}?(-?\d[\d\s]*(?:[.,]\d+)?)",Итоговая стоимость по Сводному сметному расчету (ССР),,false
